DriverNumber,BroadcastName,Abbreviation,DriverId,TeamName,TeamColor,TeamId,FirstName,LastName,FullName,HeadshotUrl,CountryCode,Position,ClassifiedPosition,GridPosition,Q1,Q2,Q3,Time,Status,Points,RaceName,Country,Round
33,M VERSTAPPEN,VER,max_verstappen,Red Bull Racing,1e41ff,red_bull,Max,Verstappen,Max Verstappen,https://www.formula1.com/content/dam/fom-website/drivers/M/MAXVER01_Max_Verstappen/maxver01.png,,1.0,1,2.0,,,,0 days 01:22:01.822000,Finished,26.0,Austrian Grand Prix,Austria,9
16,C LECLERC,LEC,leclerc,Ferrari,dc0000,ferrari,Charles,Leclerc,Charles Leclerc,https://www.formula1.com/content/dam/fom-website/drivers/C/CHALEC01_Charles_Leclerc/chalec01.png,,2.0,2,1.0,,,,0 days 00:00:02.724000,Finished,18.0,Austrian Grand Prix,Austria,9
77,V BOTTAS,BOT,bottas,Mercedes,00d2be,mercedes,Valtteri,Bottas,Valtteri Bottas,https://www.formula1.com/content/dam/fom-website/drivers/V/VALBOT01_Valtteri_Bottas/valbot01.png,,3.0,3,3.0,,,,0 days 00:00:18.960000,Finished,15.0,Austrian Grand Prix,Austria,9
5,S VETTEL,VET,vettel,Ferrari,dc0000,ferrari,Sebastian,Vettel,Sebastian Vettel,https://www.formula1.com/content/dam/fom-website/drivers/S/SEBVET01_Sebastian_Vettel/sebvet01.png,,4.0,4,9.0,,,,0 days 00:00:19.610000,Finished,12.0,Austrian Grand Prix,Austria,9
44,L HAMILTON,HAM,hamilton,Mercedes,00d2be,mercedes,Lewis,Hamilton,Lewis Hamilton,https://www.formula1.com/content/dam/fom-website/drivers/L/LEWHAM01_Lewis_Hamilton/lewham01.png,,5.0,5,4.0,,,,0 days 00:00:22.805000,Finished,10.0,Austrian Grand Prix,Austria,9
4,L NORRIS,NOR,norris,McLaren,ff8700,mclaren,Lando,Norris,Lando Norris,https://www.formula1.com/content/dam/fom-website/drivers/L/LANNOR01_Lando_Norris/lannor01.png,,6.0,6,5.0,,,,,+1 Lap,8.0,Austrian Grand Prix,Austria,9
10,P GASLY,GAS,gasly,Red Bull Racing,1e41ff,red_bull,Pierre,Gasly,Pierre Gasly,https://www.formula1.com/content/dam/fom-website/drivers/P/PIEGAS01_Pierre_Gasly/piegas01.png,,7.0,7,8.0,,,,,+1 Lap,6.0,Austrian Grand Prix,Austria,9
55,C SAINZ,SAI,sainz,McLaren,ff8700,mclaren,Carlos,Sainz,Carlos Sainz,https://www.formula1.com/content/dam/fom-website/drivers/C/CARSAI01_Carlos_Sainz/carsai01.png,,8.0,8,19.0,,,,,+1 Lap,4.0,Austrian Grand Prix,Austria,9
7,K RAIKKONEN,RAI,raikkonen,Alfa Romeo Racing,9b0000,alfa,Kimi,Räikkönen,Kimi Räikkönen,https://www.formula1.com/content/dam/fom-website/drivers/K/KIMRAI01_Kimi_R%C3%A4ikk%C3%B6nen/kimrai01.png,,9.0,9,6.0,,,,,+1 Lap,2.0,Austrian Grand Prix,Austria,9
99,A GIOVINAZZI,GIO,giovinazzi,Alfa Romeo Racing,9b0000,alfa,Antonio,Giovinazzi,Antonio Giovinazzi,https://www.formula1.com/content/dam/fom-website/drivers/A/ANTGIO01_Antonio_Giovinazzi/antgio01.png,,10.0,10,7.0,,,,,+1 Lap,1.0,Austrian Grand Prix,Austria,9
11,S PEREZ,PER,perez,Racing Point,f596c8,racing_point,Sergio,Perez,Sergio Perez,https://www.formula1.com/content/dam/fom-website/drivers/S/SERPER01_Sergio_Perez/serper01.png,,11.0,11,13.0,,,,,+1 Lap,0.0,Austrian Grand Prix,Austria,9
3,D RICCIARDO,RIC,ricciardo,Renault,fff500,renault,Daniel,Ricciardo,Daniel Ricciardo,https://www.formula1.com/content/dam/fom-website/drivers/D/DANRIC01_Daniel_Ricciardo/danric01.png,,12.0,12,12.0,,,,,+1 Lap,0.0,Austrian Grand Prix,Austria,9
27,N HULKENBERG,HUL,hulkenberg,Renault,fff500,renault,Nico,Hulkenberg,Nico Hulkenberg,https://www.formula1.com/content/dam/fom-website/drivers/N/NICHUL01_Nico_Hulkenberg/nichul01.png,,13.0,13,15.0,,,,,+1 Lap,0.0,Austrian Grand Prix,Austria,9
18,L STROLL,STR,stroll,Racing Point,f596c8,racing_point,Lance,Stroll,Lance Stroll,https://www.formula1.com/content/dam/fom-website/drivers/L/LANSTR01_Lance_Stroll/lanstr01.png,,14.0,14,14.0,,,,,+1 Lap,0.0,Austrian Grand Prix,Austria,9
23,A ALBON,ALB,albon,Toro Rosso,469bff,toro_rosso,Alexander,Albon,Alexander Albon,https://www.formula1.com/content/dam/fom-website/drivers/A/ALEALB01_Alexander_Albon/alealb01.png,,15.0,15,18.0,,,,,+1 Lap,0.0,Austrian Grand Prix,Austria,9
8,R GROSJEAN,GRO,grosjean,Haas F1 Team,bd9e57,haas,Romain,Grosjean,Romain Grosjean,https://www.formula1.com/content/dam/fom-website/drivers/R/ROMGRO01_Romain_Grosjean/romgro01.png,,16.0,16,11.0,,,,,+1 Lap,0.0,Austrian Grand Prix,Austria,9
26,D KVYAT,KVY,kvyat,Toro Rosso,469bff,toro_rosso,Daniil,Kvyat,Daniil Kvyat,https://www.formula1.com/content/dam/fom-website/drivers/D/DANKVY01_Daniil_Kvyat/dankvy01.png,,17.0,17,16.0,,,,,+1 Lap,0.0,Austrian Grand Prix,Austria,9
63,G RUSSELL,RUS,russell,Williams,ffffff,williams,George,Russell,George Russell,https://www.formula1.com/content/dam/fom-website/drivers/G/GEORUS01_George_Russell/georus01.png,,18.0,18,0.0,,,,,+2 Laps,0.0,Austrian Grand Prix,Austria,9
20,K MAGNUSSEN,MAG,kevin_magnussen,Haas F1 Team,bd9e57,haas,Kevin,Magnussen,Kevin Magnussen,https://www.formula1.com/content/dam/fom-website/drivers/K/KEVMAG01_Kevin_Magnussen/kevmag01.png,,19.0,19,10.0,,,,,+2 Laps,0.0,Austrian Grand Prix,Austria,9
88,R KUBICA,KUB,kubica,Williams,ffffff,williams,Robert,Kubica,Robert Kubica,https://www.formula1.com/content/dam/fom-website/drivers/R/ROBKUB01_Robert_Kubica/robkub01.png,,20.0,20,17.0,,,,,+3 Laps,0.0,Austrian Grand Prix,Austria,9
44,L HAMILTON,HAM,hamilton,Mercedes,00d2be,mercedes,Lewis,Hamilton,Lewis Hamilton,,,1.0,1,2.0,,,,0 days 01:32:06.350000,Finished,25.0,Chinese Grand Prix,China,3
77,V BOTTAS,BOT,bottas,Mercedes,00d2be,mercedes,Valtteri,Bottas,Valtteri Bottas,,,2.0,2,1.0,,,,0 days 00:00:06.552000,Finished,18.0,Chinese Grand Prix,China,3
5,S VETTEL,VET,vettel,Ferrari,dc0000,ferrari,Sebastian,Vettel,Sebastian Vettel,,,3.0,3,3.0,,,,0 days 00:00:13.774000,Finished,15.0,Chinese Grand Prix,China,3
33,M VERSTAPPEN,VER,max_verstappen,Red Bull Racing,1e41ff,red_bull,Max,Verstappen,Max Verstappen,,,4.0,4,5.0,,,,0 days 00:00:27.627000,Finished,12.0,Chinese Grand Prix,China,3
16,C LECLERC,LEC,leclerc,Ferrari,dc0000,ferrari,Charles,Leclerc,Charles Leclerc,,,5.0,5,4.0,,,,0 days 00:00:31.276000,Finished,10.0,Chinese Grand Prix,China,3
10,P GASLY,GAS,gasly,Red Bull Racing,1e41ff,red_bull,Pierre,Gasly,Pierre Gasly,,,6.0,6,6.0,,,,0 days 00:01:29.307000,Finished,9.0,Chinese Grand Prix,China,3
3,D RICCIARDO,RIC,ricciardo,Renault,fff500,renault,Daniel,Ricciardo,Daniel Ricciardo,,,7.0,7,7.0,,,,,+1 Lap,6.0,Chinese Grand Prix,China,3
11,S PEREZ,PER,perez,Racing Point,f596c8,racing_point,Sergio,Perez,Sergio Perez,,,8.0,8,12.0,,,,,+1 Lap,4.0,Chinese Grand Prix,China,3
7,K RAIKKONEN,RAI,raikkonen,Alfa Romeo Racing,9b0000,alfa,Kimi,Räikkönen,Kimi Räikkönen,,,9.0,9,13.0,,,,,+1 Lap,2.0,Chinese Grand Prix,China,3
23,A ALBON,ALB,albon,Toro Rosso,469bff,toro_rosso,Alexander,Albon,Alexander Albon,,,10.0,10,0.0,,,,,+1 Lap,1.0,Chinese Grand Prix,China,3
8,R GROSJEAN,GRO,grosjean,Haas F1 Team,bd9e57,haas,Romain,Grosjean,Romain Grosjean,,,11.0,11,10.0,,,,,+1 Lap,0.0,Chinese Grand Prix,China,3
18,L STROLL,STR,stroll,Racing Point,f596c8,racing_point,Lance,Stroll,Lance Stroll,,,12.0,12,16.0,,,,,+1 Lap,0.0,Chinese Grand Prix,China,3
20,K MAGNUSSEN,MAG,kevin_magnussen,Haas F1 Team,bd9e57,haas,Kevin,Magnussen,Kevin Magnussen,,,13.0,13,9.0,,,,,+1 Lap,0.0,Chinese Grand Prix,China,3
55,C SAINZ,SAI,sainz,McLaren,ff8700,mclaren,Carlos,Sainz,Carlos Sainz,,,14.0,14,14.0,,,,,+1 Lap,0.0,Chinese Grand Prix,China,3
99,A GIOVINAZZI,GIO,giovinazzi,Alfa Romeo Racing,9b0000,alfa,Antonio,Giovinazzi,Antonio Giovinazzi,,,15.0,15,19.0,,,,,+1 Lap,0.0,Chinese Grand Prix,China,3
63,G RUSSELL,RUS,russell,Williams,ffffff,williams,George,Russell,George Russell,,,16.0,16,17.0,,,,,+2 Laps,0.0,Chinese Grand Prix,China,3
88,R KUBICA,KUB,kubica,Williams,ffffff,williams,Robert,Kubica,Robert Kubica,,,17.0,17,18.0,,,,,+2 Laps,0.0,Chinese Grand Prix,China,3
4,L NORRIS,NOR,norris,McLaren,ff8700,mclaren,Lando,Norris,Lando Norris,,,18.0,18,15.0,,,,,Collision,0.0,Chinese Grand Prix,China,3
26,D KVYAT,KVY,kvyat,Toro Rosso,469bff,toro_rosso,Daniil,Kvyat,Daniil Kvyat,,,19.0,R,11.0,,,,,Collision,0.0,Chinese Grand Prix,China,3
27,N HULKENBERG,HUL,hulkenberg,Renault,fff500,renault,Nico,Hulkenberg,Nico Hulkenberg,,,20.0,R,8.0,,,,,Power Unit,0.0,Chinese Grand Prix,China,3
16,C LECLERC,LEC,leclerc,Ferrari,dc0000,ferrari,Charles,Leclerc,Charles Leclerc,https://www.formula1.com/content/dam/fom-website/drivers/C/CHALEC01_Charles_Leclerc/chalec01.png,,1.0,1,1.0,,,,0 days 01:15:26.665000,Finished,25.0,Italian Grand Prix,Italy,14
77,V BOTTAS,BOT,bottas,Mercedes,00d2be,mercedes,Valtteri,Bottas,Valtteri Bottas,https://www.formula1.com/content/dam/fom-website/drivers/V/VALBOT01_Valtteri_Bottas/valbot01.png,,2.0,2,3.0,,,,0 days 00:00:00.835000,Finished,18.0,Italian Grand Prix,Italy,14
44,L HAMILTON,HAM,hamilton,Mercedes,00d2be,mercedes,Lewis,Hamilton,Lewis Hamilton,https://www.formula1.com/content/dam/fom-website/drivers/L/LEWHAM01_Lewis_Hamilton/lewham01.png,,3.0,3,2.0,,,,0 days 00:00:35.199000,Finished,16.0,Italian Grand Prix,Italy,14
3,D RICCIARDO,RIC,ricciardo,Renault,fff500,renault,Daniel,Ricciardo,Daniel Ricciardo,https://www.formula1.com/content/dam/fom-website/drivers/D/DANRIC01_Daniel_Ricciardo/danric01.png,,4.0,4,5.0,,,,0 days 00:00:45.515000,Finished,12.0,Italian Grand Prix,Italy,14
27,N HULKENBERG,HUL,hulkenberg,Renault,fff500,renault,Nico,Hulkenberg,Nico Hulkenberg,https://www.formula1.com/content/dam/fom-website/drivers/N/NICHUL01_Nico_Hulkenberg/nichul01.png,,5.0,5,6.0,,,,0 days 00:00:58.165000,Finished,10.0,Italian Grand Prix,Italy,14
23,A ALBON,ALB,albon,Red Bull Racing,1e41ff,red_bull,Alexander,Albon,Alexander Albon,https://www.formula1.com/content/dam/fom-website/drivers/A/ALEALB01_Alexander_Albon/alealb01.png,,6.0,6,8.0,,,,0 days 00:00:59.315000,Finished,8.0,Italian Grand Prix,Italy,14
11,S PEREZ,PER,perez,Racing Point,f596c8,racing_point,Sergio,Perez,Sergio Perez,https://www.formula1.com/content/dam/fom-website/drivers/S/SERPER01_Sergio_Perez/serper01.png,,7.0,7,18.0,,,,0 days 00:01:13.802000,Finished,6.0,Italian Grand Prix,Italy,14
33,M VERSTAPPEN,VER,max_verstappen,Red Bull Racing,1e41ff,red_bull,Max,Verstappen,Max Verstappen,https://www.formula1.com/content/dam/fom-website/drivers/M/MAXVER01_Max_Verstappen/maxver01.png,,8.0,8,19.0,,,,0 days 00:01:14.492000,Finished,4.0,Italian Grand Prix,Italy,14
99,A GIOVINAZZI,GIO,giovinazzi,Alfa Romeo Racing,9b0000,alfa,Antonio,Giovinazzi,Antonio Giovinazzi,https://www.formula1.com/content/dam/fom-website/drivers/A/ANTGIO01_Antonio_Giovinazzi/antgio01.png,,9.0,9,10.0,,,,,+1 Lap,2.0,Italian Grand Prix,Italy,14
4,L NORRIS,NOR,norris,McLaren,ff8700,mclaren,Lando,Norris,Lando Norris,https://www.formula1.com/content/dam/fom-website/drivers/L/LANNOR01_Lando_Norris/lannor01.png,,10.0,10,16.0,,,,,+1 Lap,1.0,Italian Grand Prix,Italy,14
10,P GASLY,GAS,gasly,Toro Rosso,469bff,toro_rosso,Pierre,Gasly,Pierre Gasly,https://www.formula1.com/content/dam/fom-website/drivers/P/PIEGAS01_Pierre_Gasly/piegas01.png,,11.0,11,17.0,,,,,+1 Lap,0.0,Italian Grand Prix,Italy,14
18,L STROLL,STR,stroll,Racing Point,f596c8,racing_point,Lance,Stroll,Lance Stroll,https://www.formula1.com/content/dam/fom-website/drivers/L/LANSTR01_Lance_Stroll/lanstr01.png,,12.0,12,9.0,,,,,+1 Lap,0.0,Italian Grand Prix,Italy,14
5,S VETTEL,VET,vettel,Ferrari,dc0000,ferrari,Sebastian,Vettel,Sebastian Vettel,https://www.formula1.com/content/dam/fom-website/drivers/S/SEBVET01_Sebastian_Vettel/sebvet01.png,,13.0,13,4.0,,,,,+1 Lap,0.0,Italian Grand Prix,Italy,14
63,G RUSSELL,RUS,russell,Williams,ffffff,williams,George,Russell,George Russell,https://www.formula1.com/content/dam/fom-website/drivers/G/GEORUS01_George_Russell/georus01.png,,14.0,14,14.0,,,,,+1 Lap,0.0,Italian Grand Prix,Italy,14
7,K RAIKKONEN,RAI,raikkonen,Alfa Romeo Racing,9b0000,alfa,Kimi,Räikkönen,Kimi Räikkönen,https://www.formula1.com/content/dam/fom-website/drivers/K/KIMRAI01_Kimi_R%C3%A4ikk%C3%B6nen/kimrai01.png,,15.0,15,0.0,,,,,+1 Lap,0.0,Italian Grand Prix,Italy,14
8,R GROSJEAN,GRO,grosjean,Haas F1 Team,bd9e57,haas,Romain,Grosjean,Romain Grosjean,https://www.formula1.com/content/dam/fom-website/drivers/R/ROMGRO01_Romain_Grosjean/romgro01.png,,16.0,16,13.0,,,,,+1 Lap,0.0,Italian Grand Prix,Italy,14
88,R KUBICA,KUB,kubica,Williams,ffffff,williams,Robert,Kubica,Robert Kubica,https://www.formula1.com/content/dam/fom-website/drivers/R/ROBKUB01_Robert_Kubica/robkub01.png,,17.0,17,15.0,,,,,+2 Laps,0.0,Italian Grand Prix,Italy,14
20,K MAGNUSSEN,MAG,kevin_magnussen,Haas F1 Team,bd9e57,haas,Kevin,Magnussen,Kevin Magnussen,https://www.formula1.com/content/dam/fom-website/drivers/K/KEVMAG01_Kevin_Magnussen/kevmag01.png,,18.0,R,11.0,,,,,Hydraulics,0.0,Italian Grand Prix,Italy,14
26,D KVYAT,KVY,kvyat,Toro Rosso,469bff,toro_rosso,Daniil,Kvyat,Daniil Kvyat,https://www.formula1.com/content/dam/fom-website/drivers/D/DANKVY01_Daniil_Kvyat/dankvy01.png,,19.0,R,12.0,,,,,Engine,0.0,Italian Grand Prix,Italy,14
55,C SAINZ,SAI,sainz,McLaren,ff8700,mclaren,Carlos,Sainz,Carlos Sainz,https://www.formula1.com/content/dam/fom-website/drivers/C/CARSAI01_Carlos_Sainz/carsai01.png,,20.0,R,7.0,,,,,Wheel,0.0,Italian Grand Prix,Italy,14
44,L HAMILTON,HAM,hamilton,Mercedes,00d2be,mercedes,Lewis,Hamilton,Lewis Hamilton,,,1.0,1,3.0,,,,0 days 01:34:21.295000,Finished,25.0,Bahrain Grand Prix,Bahrain,2
77,V BOTTAS,BOT,bottas,Mercedes,00d2be,mercedes,Valtteri,Bottas,Valtteri Bottas,,,2.0,2,4.0,,,,0 days 00:00:02.980000,Finished,18.0,Bahrain Grand Prix,Bahrain,2
16,C LECLERC,LEC,leclerc,Ferrari,dc0000,ferrari,Charles,Leclerc,Charles Leclerc,,,3.0,3,1.0,,,,0 days 00:00:06.131000,Finished,16.0,Bahrain Grand Prix,Bahrain,2
33,M VERSTAPPEN,VER,max_verstappen,Red Bull Racing,1e41ff,red_bull,Max,Verstappen,Max Verstappen,,,4.0,4,5.0,,,,0 days 00:00:06.408000,Finished,12.0,Bahrain Grand Prix,Bahrain,2
5,S VETTEL,VET,vettel,Ferrari,dc0000,ferrari,Sebastian,Vettel,Sebastian Vettel,,,5.0,5,2.0,,,,0 days 00:00:36.068000,Finished,10.0,Bahrain Grand Prix,Bahrain,2
4,L NORRIS,NOR,norris,McLaren,ff8700,mclaren,Lando,Norris,Lando Norris,,,6.0,6,9.0,,,,0 days 00:00:45.754000,Finished,8.0,Bahrain Grand Prix,Bahrain,2
7,K RAIKKONEN,RAI,raikkonen,Alfa Romeo Racing,9b0000,alfa,Kimi,Räikkönen,Kimi Räikkönen,,,7.0,7,8.0,,,,0 days 00:00:47.470000,Finished,6.0,Bahrain Grand Prix,Bahrain,2
10,P GASLY,GAS,gasly,Red Bull Racing,1e41ff,red_bull,Pierre,Gasly,Pierre Gasly,,,8.0,8,13.0,,,,0 days 00:00:58.094000,Finished,4.0,Bahrain Grand Prix,Bahrain,2
23,A ALBON,ALB,albon,Toro Rosso,469bff,toro_rosso,Alexander,Albon,Alexander Albon,,,9.0,9,12.0,,,,0 days 00:01:02.697000,Finished,2.0,Bahrain Grand Prix,Bahrain,2
11,S PEREZ,PER,perez,Racing Point,f596c8,racing_point,Sergio,Perez,Sergio Perez,,,10.0,10,14.0,,,,0 days 00:01:03.696000,Finished,1.0,Bahrain Grand Prix,Bahrain,2
99,A GIOVINAZZI,GIO,giovinazzi,Alfa Romeo Racing,9b0000,alfa,Antonio,Giovinazzi,Antonio Giovinazzi,,,11.0,11,16.0,,,,0 days 00:01:04.599000,Finished,0.0,Bahrain Grand Prix,Bahrain,2
26,D KVYAT,KVY,kvyat,Toro Rosso,469bff,toro_rosso,Daniil,Kvyat,Daniil Kvyat,,,12.0,12,15.0,,,,,+1 Lap,0.0,Bahrain Grand Prix,Bahrain,2
20,K MAGNUSSEN,MAG,kevin_magnussen,Haas F1 Team,bd9e57,haas,Kevin,Magnussen,Kevin Magnussen,,,13.0,13,6.0,,,,,+1 Lap,0.0,Bahrain Grand Prix,Bahrain,2
18,L STROLL,STR,stroll,Racing Point,f596c8,racing_point,Lance,Stroll,Lance Stroll,,,14.0,14,18.0,,,,,+1 Lap,0.0,Bahrain Grand Prix,Bahrain,2
63,G RUSSELL,RUS,russell,Williams,ffffff,williams,George,Russell,George Russell,,,15.0,15,19.0,,,,,+1 Lap,0.0,Bahrain Grand Prix,Bahrain,2
88,R KUBICA,KUB,kubica,Williams,ffffff,williams,Robert,Kubica,Robert Kubica,,,16.0,16,20.0,,,,,+2 Laps,0.0,Bahrain Grand Prix,Bahrain,2
27,N HULKENBERG,HUL,hulkenberg,Renault,fff500,renault,Nico,Hulkenberg,Nico Hulkenberg,,,17.0,R,17.0,,,,,Engine,0.0,Bahrain Grand Prix,Bahrain,2
3,D RICCIARDO,RIC,ricciardo,Renault,fff500,renault,Daniel,Ricciardo,Daniel Ricciardo,,,18.0,R,10.0,,,,,Out of fuel,0.0,Bahrain Grand Prix,Bahrain,2
55,C SAINZ,SAI,sainz,McLaren,ff8700,mclaren,Carlos,Sainz,Carlos Sainz,,,19.0,R,7.0,,,,,Collision damage,0.0,Bahrain Grand Prix,Bahrain,2
8,R GROSJEAN,GRO,grosjean,Haas F1 Team,bd9e57,haas,Romain,Grosjean,Romain Grosjean,,,20.0,R,11.0,,,,,Retired,0.0,Bahrain Grand Prix,Bahrain,2
44,L HAMILTON,HAM,hamilton,Mercedes,00d2be,mercedes,Lewis,Hamilton,Lewis Hamilton,https://www.formula1.com/content/dam/fom-website/drivers/L/LEWHAM01_Lewis_Hamilton/lewham01.png,,1.0,1,3.0,,,,0 days 01:36:48.904000,Finished,25.0,Mexican Grand Prix,Mexico,18
5,S VETTEL,VET,vettel,Ferrari,dc0000,ferrari,Sebastian,Vettel,Sebastian Vettel,https://www.formula1.com/content/dam/fom-website/drivers/S/SEBVET01_Sebastian_Vettel/sebvet01.png,,2.0,2,2.0,,,,0 days 00:00:01.766000,Finished,18.0,Mexican Grand Prix,Mexico,18
77,V BOTTAS,BOT,bottas,Mercedes,00d2be,mercedes,Valtteri,Bottas,Valtteri Bottas,https://www.formula1.com/content/dam/fom-website/drivers/V/VALBOT01_Valtteri_Bottas/valbot01.png,,3.0,3,6.0,,,,0 days 00:00:03.553000,Finished,15.0,Mexican Grand Prix,Mexico,18
16,C LECLERC,LEC,leclerc,Ferrari,dc0000,ferrari,Charles,Leclerc,Charles Leclerc,https://www.formula1.com/content/dam/fom-website/drivers/C/CHALEC01_Charles_Leclerc/chalec01.png,,4.0,4,1.0,,,,0 days 00:00:06.368000,Finished,13.0,Mexican Grand Prix,Mexico,18
23,A ALBON,ALB,albon,Red Bull Racing,1e41ff,red_bull,Alexander,Albon,Alexander Albon,https://www.formula1.com/content/dam/fom-website/drivers/A/ALEALB01_Alexander_Albon/alealb01.png,,5.0,5,5.0,,,,0 days 00:00:21.399000,Finished,10.0,Mexican Grand Prix,Mexico,18
33,M VERSTAPPEN,VER,max_verstappen,Red Bull Racing,1e41ff,red_bull,Max,Verstappen,Max Verstappen,https://www.formula1.com/content/dam/fom-website/drivers/M/MAXVER01_Max_Verstappen/maxver01.png,,6.0,6,4.0,,,,0 days 00:01:08.807000,Finished,8.0,Mexican Grand Prix,Mexico,18
11,S PEREZ,PER,perez,Racing Point,f596c8,racing_point,Sergio,Perez,Sergio Perez,https://www.formula1.com/content/dam/fom-website/drivers/S/SERPER01_Sergio_Perez/serper01.png,,7.0,7,11.0,,,,0 days 00:01:13.819000,Finished,6.0,Mexican Grand Prix,Mexico,18
3,D RICCIARDO,RIC,ricciardo,Renault,fff500,renault,Daniel,Ricciardo,Daniel Ricciardo,https://www.formula1.com/content/dam/fom-website/drivers/D/DANRIC01_Daniel_Ricciardo/danric01.png,,8.0,8,13.0,,,,0 days 00:01:14.924000,Finished,4.0,Mexican Grand Prix,Mexico,18
10,P GASLY,GAS,gasly,Toro Rosso,469bff,toro_rosso,Pierre,Gasly,Pierre Gasly,https://www.formula1.com/content/dam/fom-website/drivers/P/PIEGAS01_Pierre_Gasly/piegas01.png,,9.0,9,10.0,,,,,+1 Lap,2.0,Mexican Grand Prix,Mexico,18
27,N HULKENBERG,HUL,hulkenberg,Renault,fff500,renault,Nico,Hulkenberg,Nico Hulkenberg,https://www.formula1.com/content/dam/fom-website/drivers/N/NICHUL01_Nico_Hulkenberg/nichul01.png,,10.0,10,12.0,,,,,+1 Lap,1.0,Mexican Grand Prix,Mexico,18
26,D KVYAT,KVY,kvyat,Toro Rosso,469bff,toro_rosso,Daniil,Kvyat,Daniil Kvyat,https://www.formula1.com/content/dam/fom-website/drivers/D/DANKVY01_Daniil_Kvyat/dankvy01.png,,11.0,11,9.0,,,,,+1 Lap,0.0,Mexican Grand Prix,Mexico,18
18,L STROLL,STR,stroll,Racing Point,f596c8,racing_point,Lance,Stroll,Lance Stroll,https://www.formula1.com/content/dam/fom-website/drivers/L/LANSTR01_Lance_Stroll/lanstr01.png,,12.0,12,16.0,,,,,+1 Lap,0.0,Mexican Grand Prix,Mexico,18
55,C SAINZ,SAI,sainz,McLaren,ff8700,mclaren,Carlos,Sainz,Carlos Sainz,https://www.formula1.com/content/dam/fom-website/drivers/C/CARSAI01_Carlos_Sainz/carsai01.png,,13.0,13,7.0,,,,,+1 Lap,0.0,Mexican Grand Prix,Mexico,18
99,A GIOVINAZZI,GIO,giovinazzi,Alfa Romeo Racing,9b0000,alfa,Antonio,Giovinazzi,Antonio Giovinazzi,https://www.formula1.com/content/dam/fom-website/drivers/A/ANTGIO01_Antonio_Giovinazzi/antgio01.png,,14.0,14,15.0,,,,,+1 Lap,0.0,Mexican Grand Prix,Mexico,18
20,K MAGNUSSEN,MAG,kevin_magnussen,Haas F1 Team,bd9e57,haas,Kevin,Magnussen,Kevin Magnussen,https://www.formula1.com/content/dam/fom-website/drivers/K/KEVMAG01_Kevin_Magnussen/kevmag01.png,,15.0,15,17.0,,,,,+2 Laps,0.0,Mexican Grand Prix,Mexico,18
63,G RUSSELL,RUS,russell,Williams,ffffff,williams,George,Russell,George Russell,https://www.formula1.com/content/dam/fom-website/drivers/G/GEORUS01_George_Russell/georus01.png,,16.0,16,19.0,,,,,+2 Laps,0.0,Mexican Grand Prix,Mexico,18
8,R GROSJEAN,GRO,grosjean,Haas F1 Team,bd9e57,haas,Romain,Grosjean,Romain Grosjean,https://www.formula1.com/content/dam/fom-website/drivers/R/ROMGRO01_Romain_Grosjean/romgro01.png,,17.0,17,18.0,,,,,+2 Laps,0.0,Mexican Grand Prix,Mexico,18
88,R KUBICA,KUB,kubica,Williams,ffffff,williams,Robert,Kubica,Robert Kubica,https://www.formula1.com/content/dam/fom-website/drivers/R/ROBKUB01_Robert_Kubica/robkub01.png,,18.0,18,20.0,,,,,+2 Laps,0.0,Mexican Grand Prix,Mexico,18
7,K RAIKKONEN,RAI,raikkonen,Alfa Romeo Racing,9b0000,alfa,Kimi,Räikkönen,Kimi Räikkönen,https://www.formula1.com/content/dam/fom-website/drivers/K/KIMRAI01_Kimi_R%C3%A4ikk%C3%B6nen/kimrai01.png,,19.0,R,14.0,,,,,Overheating,0.0,Mexican Grand Prix,Mexico,18
4,L NORRIS,NOR,norris,McLaren,ff8700,mclaren,Lando,Norris,Lando Norris,https://www.formula1.com/content/dam/fom-website/drivers/L/LANNOR01_Lando_Norris/lannor01.png,,20.0,W,8.0,,,,,Withdrew,0.0,Mexican Grand Prix,Mexico,18
77,V BOTTAS,BOT,bottas,Mercedes,00d2be,mercedes,Valtteri,Bottas,Valtteri Bottas,,,1.0,1,1.0,,,,0 days 01:31:52.942000,Finished,25.0,Azerbaijan Grand Prix,Azerbaijan,4
44,L HAMILTON,HAM,hamilton,Mercedes,00d2be,mercedes,Lewis,Hamilton,Lewis Hamilton,,,2.0,2,2.0,,,,0 days 00:00:01.524000,Finished,18.0,Azerbaijan Grand Prix,Azerbaijan,4
5,S VETTEL,VET,vettel,Ferrari,dc0000,ferrari,Sebastian,Vettel,Sebastian Vettel,,,3.0,3,3.0,,,,0 days 00:00:11.739000,Finished,15.0,Azerbaijan Grand Prix,Azerbaijan,4
33,M VERSTAPPEN,VER,max_verstappen,Red Bull Racing,1e41ff,red_bull,Max,Verstappen,Max Verstappen,,,4.0,4,4.0,,,,0 days 00:00:17.493000,Finished,12.0,Azerbaijan Grand Prix,Azerbaijan,4
16,C LECLERC,LEC,leclerc,Ferrari,dc0000,ferrari,Charles,Leclerc,Charles Leclerc,,,5.0,5,8.0,,,,0 days 00:01:09.107000,Finished,11.0,Azerbaijan Grand Prix,Azerbaijan,4
11,S PEREZ,PER,perez,Racing Point,f596c8,racing_point,Sergio,Perez,Sergio Perez,,,6.0,6,5.0,,,,0 days 00:01:16.416000,Finished,8.0,Azerbaijan Grand Prix,Azerbaijan,4
55,C SAINZ,SAI,sainz,McLaren,ff8700,mclaren,Carlos,Sainz,Carlos Sainz,,,7.0,7,9.0,,,,0 days 00:01:23.826000,Finished,6.0,Azerbaijan Grand Prix,Azerbaijan,4
4,L NORRIS,NOR,norris,McLaren,ff8700,mclaren,Lando,Norris,Lando Norris,,,8.0,8,7.0,,,,0 days 00:01:40.268000,Finished,4.0,Azerbaijan Grand Prix,Azerbaijan,4
18,L STROLL,STR,stroll,Racing Point,f596c8,racing_point,Lance,Stroll,Lance Stroll,,,9.0,9,13.0,,,,0 days 00:01:43.816000,Finished,2.0,Azerbaijan Grand Prix,Azerbaijan,4
7,K RAIKKONEN,RAI,raikkonen,Alfa Romeo Racing,9b0000,alfa,Kimi,Räikkönen,Kimi Räikkönen,,,10.0,10,0.0,,,,,+1 Lap,1.0,Azerbaijan Grand Prix,Azerbaijan,4
23,A ALBON,ALB,albon,Toro Rosso,469bff,toro_rosso,Alexander,Albon,Alexander Albon,,,11.0,11,11.0,,,,,+1 Lap,0.0,Azerbaijan Grand Prix,Azerbaijan,4
99,A GIOVINAZZI,GIO,giovinazzi,Alfa Romeo Racing,9b0000,alfa,Antonio,Giovinazzi,Antonio Giovinazzi,,,12.0,12,17.0,,,,,+1 Lap,0.0,Azerbaijan Grand Prix,Azerbaijan,4
20,K MAGNUSSEN,MAG,kevin_magnussen,Haas F1 Team,bd9e57,haas,Kevin,Magnussen,Kevin Magnussen,,,13.0,13,12.0,,,,,+1 Lap,0.0,Azerbaijan Grand Prix,Azerbaijan,4
27,N HULKENBERG,HUL,hulkenberg,Renault,fff500,renault,Nico,Hulkenberg,Nico Hulkenberg,,,14.0,14,15.0,,,,,+1 Lap,0.0,Azerbaijan Grand Prix,Azerbaijan,4
63,G RUSSELL,RUS,russell,Williams,ffffff,williams,George,Russell,George Russell,,,15.0,15,16.0,,,,,+2 Laps,0.0,Azerbaijan Grand Prix,Azerbaijan,4
88,R KUBICA,KUB,kubica,Williams,ffffff,williams,Robert,Kubica,Robert Kubica,,,16.0,16,0.0,,,,,+2 Laps,0.0,Azerbaijan Grand Prix,Azerbaijan,4
10,P GASLY,GAS,gasly,Red Bull Racing,1e41ff,red_bull,Pierre,Gasly,Pierre Gasly,,,17.0,R,0.0,,,,,Transmission,0.0,Azerbaijan Grand Prix,Azerbaijan,4
8,R GROSJEAN,GRO,grosjean,Haas F1 Team,bd9e57,haas,Romain,Grosjean,Romain Grosjean,,,18.0,R,14.0,,,,,Brakes,0.0,Azerbaijan Grand Prix,Azerbaijan,4
26,D KVYAT,KVY,kvyat,Toro Rosso,469bff,toro_rosso,Daniil,Kvyat,Daniil Kvyat,,,19.0,R,6.0,,,,,Collision,0.0,Azerbaijan Grand Prix,Azerbaijan,4
3,D RICCIARDO,RIC,ricciardo,Renault,fff500,renault,Daniel,Ricciardo,Daniel Ricciardo,,,20.0,R,10.0,,,,,Collision,0.0,Azerbaijan Grand Prix,Azerbaijan,4
44,L HAMILTON,HAM,hamilton,Mercedes,00d2be,mercedes,Lewis,Hamilton,Lewis Hamilton,,,1.0,1,1.0,,,,0 days 01:43:28.437000,Finished,25.0,Monaco Grand Prix,Monaco,6
5,S VETTEL,VET,vettel,Ferrari,dc0000,ferrari,Sebastian,Vettel,Sebastian Vettel,,,2.0,2,4.0,,,,0 days 00:00:02.602000,Finished,18.0,Monaco Grand Prix,Monaco,6
77,V BOTTAS,BOT,bottas,Mercedes,00d2be,mercedes,Valtteri,Bottas,Valtteri Bottas,,,3.0,3,2.0,,,,0 days 00:00:03.162000,Finished,15.0,Monaco Grand Prix,Monaco,6
33,M VERSTAPPEN,VER,max_verstappen,Red Bull Racing,1e41ff,red_bull,Max,Verstappen,Max Verstappen,,,4.0,4,3.0,,,,0 days 00:00:05.537000,Finished,12.0,Monaco Grand Prix,Monaco,6
10,P GASLY,GAS,gasly,Red Bull Racing,1e41ff,red_bull,Pierre,Gasly,Pierre Gasly,,,5.0,5,8.0,,,,0 days 00:00:09.946000,Finished,11.0,Monaco Grand Prix,Monaco,6
55,C SAINZ,SAI,sainz,McLaren,ff8700,mclaren,Carlos,Sainz,Carlos Sainz,,,6.0,6,9.0,,,,0 days 00:00:53.454000,Finished,8.0,Monaco Grand Prix,Monaco,6
26,D KVYAT,KVY,kvyat,Toro Rosso,469bff,toro_rosso,Daniil,Kvyat,Daniil Kvyat,,,7.0,7,7.0,,,,0 days 00:00:54.574000,Finished,6.0,Monaco Grand Prix,Monaco,6
23,A ALBON,ALB,albon,Toro Rosso,469bff,toro_rosso,Alexander,Albon,Alexander Albon,,,8.0,8,10.0,,,,0 days 00:00:55.200000,Finished,4.0,Monaco Grand Prix,Monaco,6
3,D RICCIARDO,RIC,ricciardo,Renault,fff500,renault,Daniel,Ricciardo,Daniel Ricciardo,,,9.0,9,6.0,,,,0 days 00:01:00.894000,Finished,2.0,Monaco Grand Prix,Monaco,6
8,R GROSJEAN,GRO,grosjean,Haas F1 Team,bd9e57,haas,Romain,Grosjean,Romain Grosjean,,,10.0,10,13.0,,,,0 days 00:01:01.034000,Finished,1.0,Monaco Grand Prix,Monaco,6
4,L NORRIS,NOR,norris,McLaren,ff8700,mclaren,Lando,Norris,Lando Norris,,,11.0,11,12.0,,,,0 days 00:01:06.801000,Finished,0.0,Monaco Grand Prix,Monaco,6
11,S PEREZ,PER,perez,Racing Point,f596c8,racing_point,Sergio,Perez,Sergio Perez,,,12.0,12,16.0,,,,,+1 Lap,0.0,Monaco Grand Prix,Monaco,6
27,N HULKENBERG,HUL,hulkenberg,Renault,fff500,renault,Nico,Hulkenberg,Nico Hulkenberg,,,13.0,13,11.0,,,,,+1 Lap,0.0,Monaco Grand Prix,Monaco,6
20,K MAGNUSSEN,MAG,kevin_magnussen,Haas F1 Team,bd9e57,haas,Kevin,Magnussen,Kevin Magnussen,,,14.0,14,5.0,,,,,+1 Lap,0.0,Monaco Grand Prix,Monaco,6
63,G RUSSELL,RUS,russell,Williams,ffffff,williams,George,Russell,George Russell,,,15.0,15,19.0,,,,,+1 Lap,0.0,Monaco Grand Prix,Monaco,6
18,L STROLL,STR,stroll,Racing Point,f596c8,racing_point,Lance,Stroll,Lance Stroll,,,16.0,16,17.0,,,,,+1 Lap,0.0,Monaco Grand Prix,Monaco,6
7,K RAIKKONEN,RAI,raikkonen,Alfa Romeo Racing,9b0000,alfa,Kimi,Räikkönen,Kimi Räikkönen,,,17.0,17,14.0,,,,,+1 Lap,0.0,Monaco Grand Prix,Monaco,6
88,R KUBICA,KUB,kubica,Williams,ffffff,williams,Robert,Kubica,Robert Kubica,,,18.0,18,20.0,,,,,+1 Lap,0.0,Monaco Grand Prix,Monaco,6
99,A GIOVINAZZI,GIO,giovinazzi,Alfa Romeo Racing,9b0000,alfa,Antonio,Giovinazzi,Antonio Giovinazzi,,,19.0,19,18.0,,,,,+2 Laps,0.0,Monaco Grand Prix,Monaco,6
16,C LECLERC,LEC,leclerc,Ferrari,dc0000,ferrari,Charles,Leclerc,Charles Leclerc,,,20.0,R,15.0,,,,,Collision,0.0,Monaco Grand Prix,Monaco,6
77,V BOTTAS,BOT,bottas,Mercedes,00d2be,mercedes,Valtteri,Bottas,Valtteri Bottas,https://www.formula1.com/content/dam/fom-website/drivers/V/VALBOT01_Valtteri_Bottas/valbot01.png,,1.0,1,1.0,,,,0 days 01:33:55.653000,Finished,25.0,United States Grand Prix,United States,19
44,L HAMILTON,HAM,hamilton,Mercedes,00d2be,mercedes,Lewis,Hamilton,Lewis Hamilton,https://www.formula1.com/content/dam/fom-website/drivers/L/LEWHAM01_Lewis_Hamilton/lewham01.png,,2.0,2,5.0,,,,0 days 00:00:04.148000,Finished,18.0,United States Grand Prix,United States,19
33,M VERSTAPPEN,VER,max_verstappen,Red Bull Racing,1e41ff,red_bull,Max,Verstappen,Max Verstappen,https://www.formula1.com/content/dam/fom-website/drivers/M/MAXVER01_Max_Verstappen/maxver01.png,,3.0,3,3.0,,,,0 days 00:00:05.002000,Finished,15.0,United States Grand Prix,United States,19
16,C LECLERC,LEC,leclerc,Ferrari,dc0000,ferrari,Charles,Leclerc,Charles Leclerc,https://www.formula1.com/content/dam/fom-website/drivers/C/CHALEC01_Charles_Leclerc/chalec01.png,,4.0,4,4.0,,,,0 days 00:00:52.239000,Finished,13.0,United States Grand Prix,United States,19
23,A ALBON,ALB,albon,Red Bull Racing,1e41ff,red_bull,Alexander,Albon,Alexander Albon,https://www.formula1.com/content/dam/fom-website/drivers/A/ALEALB01_Alexander_Albon/alealb01.png,,5.0,5,6.0,,,,0 days 00:01:18.038000,Finished,10.0,United States Grand Prix,United States,19
3,D RICCIARDO,RIC,ricciardo,Renault,fff500,renault,Daniel,Ricciardo,Daniel Ricciardo,https://www.formula1.com/content/dam/fom-website/drivers/D/DANRIC01_Daniel_Ricciardo/danric01.png,,6.0,6,9.0,,,,0 days 00:01:30.366000,Finished,8.0,United States Grand Prix,United States,19
4,L NORRIS,NOR,norris,McLaren,ff8700,mclaren,Lando,Norris,Lando Norris,https://www.formula1.com/content/dam/fom-website/drivers/L/LANNOR01_Lando_Norris/lannor01.png,,7.0,7,8.0,,,,0 days 00:01:30.764000,Finished,6.0,United States Grand Prix,United States,19
55,C SAINZ,SAI,sainz,McLaren,ff8700,mclaren,Carlos,Sainz,Carlos Sainz,https://www.formula1.com/content/dam/fom-website/drivers/C/CARSAI01_Carlos_Sainz/carsai01.png,,8.0,8,7.0,,,,,+1 Lap,4.0,United States Grand Prix,United States,19
27,N HULKENBERG,HUL,hulkenberg,Renault,fff500,renault,Nico,Hulkenberg,Nico Hulkenberg,https://www.formula1.com/content/dam/fom-website/drivers/N/NICHUL01_Nico_Hulkenberg/nichul01.png,,9.0,9,11.0,,,,,+1 Lap,2.0,United States Grand Prix,United States,19
11,S PEREZ,PER,perez,Racing Point,f596c8,racing_point,Sergio,Perez,Sergio Perez,https://www.formula1.com/content/dam/fom-website/drivers/S/SERPER01_Sergio_Perez/serper01.png,,10.0,10,0.0,,,,,+1 Lap,1.0,United States Grand Prix,United States,19
7,K RAIKKONEN,RAI,raikkonen,Alfa Romeo Racing,9b0000,alfa,Kimi,Räikkönen,Kimi Räikkönen,https://www.formula1.com/content/dam/fom-website/drivers/K/KIMRAI01_Kimi_R%C3%A4ikk%C3%B6nen/kimrai01.png,,11.0,11,17.0,,,,,+1 Lap,0.0,United States Grand Prix,United States,19
26,D KVYAT,KVY,kvyat,Toro Rosso,469bff,toro_rosso,Daniil,Kvyat,Daniil Kvyat,https://www.formula1.com/content/dam/fom-website/drivers/D/DANKVY01_Daniil_Kvyat/dankvy01.png,,12.0,12,13.0,,,,,+1 Lap,0.0,United States Grand Prix,United States,19
18,L STROLL,STR,stroll,Racing Point,f596c8,racing_point,Lance,Stroll,Lance Stroll,https://www.formula1.com/content/dam/fom-website/drivers/L/LANSTR01_Lance_Stroll/lanstr01.png,,13.0,13,14.0,,,,,+1 Lap,0.0,United States Grand Prix,United States,19
99,A GIOVINAZZI,GIO,giovinazzi,Alfa Romeo Racing,9b0000,alfa,Antonio,Giovinazzi,Antonio Giovinazzi,https://www.formula1.com/content/dam/fom-website/drivers/A/ANTGIO01_Antonio_Giovinazzi/antgio01.png,,14.0,14,16.0,,,,,+1 Lap,0.0,United States Grand Prix,United States,19
8,R GROSJEAN,GRO,grosjean,Haas F1 Team,bd9e57,haas,Romain,Grosjean,Romain Grosjean,https://www.formula1.com/content/dam/fom-website/drivers/R/ROMGRO01_Romain_Grosjean/romgro01.png,,15.0,15,15.0,,,,,+1 Lap,0.0,United States Grand Prix,United States,19
10,P GASLY,GAS,gasly,Toro Rosso,469bff,toro_rosso,Pierre,Gasly,Pierre Gasly,https://www.formula1.com/content/dam/fom-website/drivers/P/PIEGAS01_Pierre_Gasly/piegas01.png,,16.0,16,10.0,,,,,Suspension,0.0,United States Grand Prix,United States,19
63,G RUSSELL,RUS,russell,Williams,ffffff,williams,George,Russell,George Russell,https://www.formula1.com/content/dam/fom-website/drivers/G/GEORUS01_George_Russell/georus01.png,,17.0,17,18.0,,,,,+2 Laps,0.0,United States Grand Prix,United States,19
20,K MAGNUSSEN,MAG,kevin_magnussen,Haas F1 Team,bd9e57,haas,Kevin,Magnussen,Kevin Magnussen,https://www.formula1.com/content/dam/fom-website/drivers/K/KEVMAG01_Kevin_Magnussen/kevmag01.png,,18.0,18,12.0,,,,,Brakes,0.0,United States Grand Prix,United States,19
88,R KUBICA,KUB,kubica,Williams,ffffff,williams,Robert,Kubica,Robert Kubica,https://www.formula1.com/content/dam/fom-website/drivers/R/ROBKUB01_Robert_Kubica/robkub01.png,,19.0,R,19.0,,,,,Oil leak,0.0,United States Grand Prix,United States,19
5,S VETTEL,VET,vettel,Ferrari,dc0000,ferrari,Sebastian,Vettel,Sebastian Vettel,https://www.formula1.com/content/dam/fom-website/drivers/S/SEBVET01_Sebastian_Vettel/sebvet01.png,,20.0,R,2.0,,,,,Suspension,0.0,United States Grand Prix,United States,19
44,L HAMILTON,HAM,hamilton,Mercedes,00d2be,mercedes,Lewis,Hamilton,Lewis Hamilton,https://www.formula1.com/content/dam/fom-website/drivers/L/LEWHAM01_Lewis_Hamilton/lewham01.png,,1.0,1,2.0,,,,0 days 01:29:07.084000,Finished,25.0,Canadian Grand Prix,Canada,7
5,S VETTEL,VET,vettel,Ferrari,dc0000,ferrari,Sebastian,Vettel,Sebastian Vettel,https://www.formula1.com/content/dam/fom-website/drivers/S/SEBVET01_Sebastian_Vettel/sebvet01.png,,2.0,2,1.0,,,,0 days 00:00:03.658000,Finished,18.0,Canadian Grand Prix,Canada,7
16,C LECLERC,LEC,leclerc,Ferrari,dc0000,ferrari,Charles,Leclerc,Charles Leclerc,https://www.formula1.com/content/dam/fom-website/drivers/C/CHALEC01_Charles_Leclerc/chalec01.png,,3.0,3,3.0,,,,0 days 00:00:04.696000,Finished,15.0,Canadian Grand Prix,Canada,7
77,V BOTTAS,BOT,bottas,Mercedes,00d2be,mercedes,Valtteri,Bottas,Valtteri Bottas,https://www.formula1.com/content/dam/fom-website/drivers/V/VALBOT01_Valtteri_Bottas/valbot01.png,,4.0,4,6.0,,,,0 days 00:00:51.043000,Finished,13.0,Canadian Grand Prix,Canada,7
33,M VERSTAPPEN,VER,max_verstappen,Red Bull Racing,1e41ff,red_bull,Max,Verstappen,Max Verstappen,https://www.formula1.com/content/dam/fom-website/drivers/M/MAXVER01_Max_Verstappen/maxver01.png,,5.0,5,9.0,,,,0 days 00:00:57.655000,Finished,10.0,Canadian Grand Prix,Canada,7
3,D RICCIARDO,RIC,ricciardo,Renault,fff500,renault,Daniel,Ricciardo,Daniel Ricciardo,https://www.formula1.com/content/dam/fom-website/drivers/D/DANRIC01_Daniel_Ricciardo/danric01.png,,6.0,6,4.0,,,,,+1 Lap,8.0,Canadian Grand Prix,Canada,7
27,N HULKENBERG,HUL,hulkenberg,Renault,fff500,renault,Nico,Hulkenberg,Nico Hulkenberg,https://www.formula1.com/content/dam/fom-website/drivers/N/NICHUL01_Nico_Hulkenberg/nichul01.png,,7.0,7,7.0,,,,,+1 Lap,6.0,Canadian Grand Prix,Canada,7
10,P GASLY,GAS,gasly,Red Bull Racing,1e41ff,red_bull,Pierre,Gasly,Pierre Gasly,https://www.formula1.com/content/dam/fom-website/drivers/P/PIEGAS01_Pierre_Gasly/piegas01.png,,8.0,8,5.0,,,,,+1 Lap,4.0,Canadian Grand Prix,Canada,7
18,L STROLL,STR,stroll,Racing Point,f596c8,racing_point,Lance,Stroll,Lance Stroll,https://www.formula1.com/content/dam/fom-website/drivers/L/LANSTR01_Lance_Stroll/lanstr01.png,,9.0,9,17.0,,,,,+1 Lap,2.0,Canadian Grand Prix,Canada,7
26,D KVYAT,KVY,kvyat,Toro Rosso,469bff,toro_rosso,Daniil,Kvyat,Daniil Kvyat,https://www.formula1.com/content/dam/fom-website/drivers/D/DANKVY01_Daniil_Kvyat/dankvy01.png,,10.0,10,10.0,,,,,+1 Lap,1.0,Canadian Grand Prix,Canada,7
55,C SAINZ,SAI,sainz,McLaren,ff8700,mclaren,Carlos,Sainz,Carlos Sainz,https://www.formula1.com/content/dam/fom-website/drivers/C/CARSAI01_Carlos_Sainz/carsai01.png,,11.0,11,11.0,,,,,+1 Lap,0.0,Canadian Grand Prix,Canada,7
11,S PEREZ,PER,perez,Racing Point,f596c8,racing_point,Sergio,Perez,Sergio Perez,https://www.formula1.com/content/dam/fom-website/drivers/S/SERPER01_Sergio_Perez/serper01.png,,12.0,12,15.0,,,,,+1 Lap,0.0,Canadian Grand Prix,Canada,7
99,A GIOVINAZZI,GIO,giovinazzi,Alfa Romeo Racing,9b0000,alfa,Antonio,Giovinazzi,Antonio Giovinazzi,https://www.formula1.com/content/dam/fom-website/drivers/A/ANTGIO01_Antonio_Giovinazzi/antgio01.png,,13.0,13,12.0,,,,,+1 Lap,0.0,Canadian Grand Prix,Canada,7
8,R GROSJEAN,GRO,grosjean,Haas F1 Team,bd9e57,haas,Romain,Grosjean,Romain Grosjean,https://www.formula1.com/content/dam/fom-website/drivers/R/ROMGRO01_Romain_Grosjean/romgro01.png,,14.0,14,14.0,,,,,+1 Lap,0.0,Canadian Grand Prix,Canada,7
7,K RAIKKONEN,RAI,raikkonen,Alfa Romeo Racing,9b0000,alfa,Kimi,Räikkönen,Kimi Räikkönen,https://www.formula1.com/content/dam/fom-website/drivers/K/KIMRAI01_Kimi_R%C3%A4ikk%C3%B6nen/kimrai01.png,,15.0,15,16.0,,,,,+1 Lap,0.0,Canadian Grand Prix,Canada,7
63,G RUSSELL,RUS,russell,Williams,ffffff,williams,George,Russell,George Russell,https://www.formula1.com/content/dam/fom-website/drivers/G/GEORUS01_George_Russell/georus01.png,,16.0,16,18.0,,,,,+2 Laps,0.0,Canadian Grand Prix,Canada,7
20,K MAGNUSSEN,MAG,kevin_magnussen,Haas F1 Team,bd9e57,haas,Kevin,Magnussen,Kevin Magnussen,https://www.formula1.com/content/dam/fom-website/drivers/K/KEVMAG01_Kevin_Magnussen/kevmag01.png,,17.0,17,0.0,,,,,+2 Laps,0.0,Canadian Grand Prix,Canada,7
88,R KUBICA,KUB,kubica,Williams,ffffff,williams,Robert,Kubica,Robert Kubica,https://www.formula1.com/content/dam/fom-website/drivers/R/ROBKUB01_Robert_Kubica/robkub01.png,,18.0,18,19.0,,,,,+3 Laps,0.0,Canadian Grand Prix,Canada,7
23,A ALBON,ALB,albon,Toro Rosso,469bff,toro_rosso,Alexander,Albon,Alexander Albon,https://www.formula1.com/content/dam/fom-website/drivers/A/ALEALB01_Alexander_Albon/alealb01.png,,19.0,R,13.0,,,,,Collision damage,0.0,Canadian Grand Prix,Canada,7
4,L NORRIS,NOR,norris,McLaren,ff8700,mclaren,Lando,Norris,Lando Norris,https://www.formula1.com/content/dam/fom-website/drivers/L/LANNOR01_Lando_Norris/lannor01.png,,20.0,R,8.0,,,,,Suspension,0.0,Canadian Grand Prix,Canada,7
77,V BOTTAS,BOT,bottas,Mercedes,00d2be,mercedes,Valtteri,Bottas,Valtteri Bottas,,,1.0,1,2.0,,,,0 days 01:25:27.325000,Finished,26.0,Australian Grand Prix,Australia,1
44,L HAMILTON,HAM,hamilton,Mercedes,00d2be,mercedes,Lewis,Hamilton,Lewis Hamilton,,,2.0,2,1.0,,,,0 days 00:00:20.886000,Finished,18.0,Australian Grand Prix,Australia,1
33,M VERSTAPPEN,VER,max_verstappen,Red Bull Racing,1e41ff,red_bull,Max,Verstappen,Max Verstappen,,,3.0,3,4.0,,,,0 days 00:00:22.520000,Finished,15.0,Australian Grand Prix,Australia,1
5,S VETTEL,VET,vettel,Ferrari,dc0000,ferrari,Sebastian,Vettel,Sebastian Vettel,,,4.0,4,3.0,,,,0 days 00:00:57.109000,Finished,12.0,Australian Grand Prix,Australia,1
16,C LECLERC,LEC,leclerc,Ferrari,dc0000,ferrari,Charles,Leclerc,Charles Leclerc,,,5.0,5,5.0,,,,0 days 00:00:58.203000,Finished,10.0,Australian Grand Prix,Australia,1
20,K MAGNUSSEN,MAG,kevin_magnussen,Haas F1 Team,bd9e57,haas,Kevin,Magnussen,Kevin Magnussen,,,6.0,6,7.0,,,,0 days 00:01:27.156000,Finished,8.0,Australian Grand Prix,Australia,1
27,N HULKENBERG,HUL,hulkenberg,Renault,fff500,renault,Nico,Hulkenberg,Nico Hulkenberg,,,7.0,7,11.0,,,,,+1 Lap,6.0,Australian Grand Prix,Australia,1
7,K RAIKKONEN,RAI,raikkonen,Alfa Romeo Racing,9b0000,alfa,Kimi,Räikkönen,Kimi Räikkönen,,,8.0,8,9.0,,,,,+1 Lap,4.0,Australian Grand Prix,Australia,1
18,L STROLL,STR,stroll,Racing Point,f596c8,racing_point,Lance,Stroll,Lance Stroll,,,9.0,9,16.0,,,,,+1 Lap,2.0,Australian Grand Prix,Australia,1
26,D KVYAT,KVY,kvyat,Toro Rosso,469bff,toro_rosso,Daniil,Kvyat,Daniil Kvyat,,,10.0,10,15.0,,,,,+1 Lap,1.0,Australian Grand Prix,Australia,1
10,P GASLY,GAS,gasly,Red Bull Racing,1e41ff,red_bull,Pierre,Gasly,Pierre Gasly,,,11.0,11,17.0,,,,,+1 Lap,0.0,Australian Grand Prix,Australia,1
4,L NORRIS,NOR,norris,McLaren,ff8700,mclaren,Lando,Norris,Lando Norris,,,12.0,12,8.0,,,,,+1 Lap,0.0,Australian Grand Prix,Australia,1
11,S PEREZ,PER,perez,Racing Point,f596c8,racing_point,Sergio,Perez,Sergio Perez,,,13.0,13,10.0,,,,,+1 Lap,0.0,Australian Grand Prix,Australia,1
23,A ALBON,ALB,albon,Toro Rosso,469bff,toro_rosso,Alexander,Albon,Alexander Albon,,,14.0,14,13.0,,,,,+1 Lap,0.0,Australian Grand Prix,Australia,1
99,A GIOVINAZZI,GIO,giovinazzi,Alfa Romeo Racing,9b0000,alfa,Antonio,Giovinazzi,Antonio Giovinazzi,,,15.0,15,14.0,,,,,+1 Lap,0.0,Australian Grand Prix,Australia,1
63,G RUSSELL,RUS,russell,Williams,ffffff,williams,George,Russell,George Russell,,,16.0,16,19.0,,,,,+2 Laps,0.0,Australian Grand Prix,Australia,1
88,R KUBICA,KUB,kubica,Williams,ffffff,williams,Robert,Kubica,Robert Kubica,,,17.0,17,20.0,,,,,+3 Laps,0.0,Australian Grand Prix,Australia,1
8,R GROSJEAN,GRO,grosjean,Haas F1 Team,bd9e57,haas,Romain,Grosjean,Romain Grosjean,,,18.0,R,6.0,,,,,Wheel,0.0,Australian Grand Prix,Australia,1
3,D RICCIARDO,RIC,ricciardo,Renault,fff500,renault,Daniel,Ricciardo,Daniel Ricciardo,,,19.0,R,12.0,,,,,Damage,0.0,Australian Grand Prix,Australia,1
55,C SAINZ,SAI,sainz,McLaren,ff8700,mclaren,Carlos,Sainz,Carlos Sainz,,,20.0,R,18.0,,,,,Engine,0.0,Australian Grand Prix,Australia,1
16,C LECLERC,LEC,leclerc,Ferrari,dc0000,ferrari,Charles,Leclerc,Charles Leclerc,https://www.formula1.com/content/dam/fom-website/drivers/C/CHALEC01_Charles_Leclerc/chalec01.png,,1.0,1,1.0,,,,0 days 01:23:45.710000,Finished,25.0,Belgian Grand Prix,Belgium,13
44,L HAMILTON,HAM,hamilton,Mercedes,00d2be,mercedes,Lewis,Hamilton,Lewis Hamilton,https://www.formula1.com/content/dam/fom-website/drivers/L/LEWHAM01_Lewis_Hamilton/lewham01.png,,2.0,2,3.0,,,,0 days 00:00:00.981000,Finished,18.0,Belgian Grand Prix,Belgium,13
77,V BOTTAS,BOT,bottas,Mercedes,00d2be,mercedes,Valtteri,Bottas,Valtteri Bottas,https://www.formula1.com/content/dam/fom-website/drivers/V/VALBOT01_Valtteri_Bottas/valbot01.png,,3.0,3,4.0,,,,0 days 00:00:12.585000,Finished,15.0,Belgian Grand Prix,Belgium,13
5,S VETTEL,VET,vettel,Ferrari,dc0000,ferrari,Sebastian,Vettel,Sebastian Vettel,https://www.formula1.com/content/dam/fom-website/drivers/S/SEBVET01_Sebastian_Vettel/sebvet01.png,,4.0,4,2.0,,,,0 days 00:00:26.422000,Finished,13.0,Belgian Grand Prix,Belgium,13
23,A ALBON,ALB,albon,Red Bull Racing,1e41ff,red_bull,Alexander,Albon,Alexander Albon,https://www.formula1.com/content/dam/fom-website/drivers/A/ALEALB01_Alexander_Albon/alealb01.png,,5.0,5,17.0,,,,0 days 00:01:21.325000,Finished,10.0,Belgian Grand Prix,Belgium,13
11,S PEREZ,PER,perez,Racing Point,f596c8,racing_point,Sergio,Perez,Sergio Perez,https://www.formula1.com/content/dam/fom-website/drivers/S/SERPER01_Sergio_Perez/serper01.png,,6.0,6,7.0,,,,0 days 00:01:24.448000,Finished,8.0,Belgian Grand Prix,Belgium,13
26,D KVYAT,KVY,kvyat,Toro Rosso,469bff,toro_rosso,Daniil,Kvyat,Daniil Kvyat,https://www.formula1.com/content/dam/fom-website/drivers/D/DANKVY01_Daniil_Kvyat/dankvy01.png,,7.0,7,19.0,,,,0 days 00:01:29.657000,Finished,6.0,Belgian Grand Prix,Belgium,13
27,N HULKENBERG,HUL,hulkenberg,Renault,fff500,renault,Nico,Hulkenberg,Nico Hulkenberg,https://www.formula1.com/content/dam/fom-website/drivers/N/NICHUL01_Nico_Hulkenberg/nichul01.png,,8.0,8,12.0,,,,0 days 00:01:46.639000,Finished,4.0,Belgian Grand Prix,Belgium,13
10,P GASLY,GAS,gasly,Toro Rosso,469bff,toro_rosso,Pierre,Gasly,Pierre Gasly,https://www.formula1.com/content/dam/fom-website/drivers/P/PIEGAS01_Pierre_Gasly/piegas01.png,,9.0,9,13.0,,,,0 days 00:01:49.168000,Finished,2.0,Belgian Grand Prix,Belgium,13
18,L STROLL,STR,stroll,Racing Point,f596c8,racing_point,Lance,Stroll,Lance Stroll,https://www.formula1.com/content/dam/fom-website/drivers/L/LANSTR01_Lance_Stroll/lanstr01.png,,10.0,10,16.0,,,,0 days 00:01:49.838000,Finished,1.0,Belgian Grand Prix,Belgium,13
4,L NORRIS,NOR,norris,McLaren,ff8700,mclaren,Lando,Norris,Lando Norris,https://www.formula1.com/content/dam/fom-website/drivers/L/LANNOR01_Lando_Norris/lannor01.png,,11.0,11,11.0,,,,,Engine,0.0,Belgian Grand Prix,Belgium,13
20,K MAGNUSSEN,MAG,kevin_magnussen,Haas F1 Team,bd9e57,haas,Kevin,Magnussen,Kevin Magnussen,https://www.formula1.com/content/dam/fom-website/drivers/K/KEVMAG01_Kevin_Magnussen/kevmag01.png,,12.0,12,8.0,,,,,+1 Lap,0.0,Belgian Grand Prix,Belgium,13
8,R GROSJEAN,GRO,grosjean,Haas F1 Team,bd9e57,haas,Romain,Grosjean,Romain Grosjean,https://www.formula1.com/content/dam/fom-website/drivers/R/ROMGRO01_Romain_Grosjean/romgro01.png,,13.0,13,9.0,,,,,+1 Lap,0.0,Belgian Grand Prix,Belgium,13
3,D RICCIARDO,RIC,ricciardo,Renault,fff500,renault,Daniel,Ricciardo,Daniel Ricciardo,https://www.formula1.com/content/dam/fom-website/drivers/D/DANRIC01_Daniel_Ricciardo/danric01.png,,14.0,14,10.0,,,,,+1 Lap,0.0,Belgian Grand Prix,Belgium,13
63,G RUSSELL,RUS,russell,Williams,ffffff,williams,George,Russell,George Russell,https://www.formula1.com/content/dam/fom-website/drivers/G/GEORUS01_George_Russell/georus01.png,,15.0,15,14.0,,,,,+1 Lap,0.0,Belgian Grand Prix,Belgium,13
7,K RAIKKONEN,RAI,raikkonen,Alfa Romeo Racing,9b0000,alfa,Kimi,Räikkönen,Kimi Räikkönen,https://www.formula1.com/content/dam/fom-website/drivers/K/KIMRAI01_Kimi_R%C3%A4ikk%C3%B6nen/kimrai01.png,,16.0,16,6.0,,,,,+1 Lap,0.0,Belgian Grand Prix,Belgium,13
88,R KUBICA,KUB,kubica,Williams,ffffff,williams,Robert,Kubica,Robert Kubica,https://www.formula1.com/content/dam/fom-website/drivers/R/ROBKUB01_Robert_Kubica/robkub01.png,,17.0,17,0.0,,,,,+1 Lap,0.0,Belgian Grand Prix,Belgium,13
99,A GIOVINAZZI,GIO,giovinazzi,Alfa Romeo Racing,9b0000,alfa,Antonio,Giovinazzi,Antonio Giovinazzi,https://www.formula1.com/content/dam/fom-website/drivers/A/ANTGIO01_Antonio_Giovinazzi/antgio01.png,,18.0,18,18.0,,,,,Accident,0.0,Belgian Grand Prix,Belgium,13
55,C SAINZ,SAI,sainz,McLaren,ff8700,mclaren,Carlos,Sainz,Carlos Sainz,https://www.formula1.com/content/dam/fom-website/drivers/C/CARSAI01_Carlos_Sainz/carsai01.png,,19.0,R,15.0,,,,,Power loss,0.0,Belgian Grand Prix,Belgium,13
33,M VERSTAPPEN,VER,max_verstappen,Red Bull Racing,1e41ff,red_bull,Max,Verstappen,Max Verstappen,https://www.formula1.com/content/dam/fom-website/drivers/M/MAXVER01_Max_Verstappen/maxver01.png,,20.0,R,5.0,,,,,Accident,0.0,Belgian Grand Prix,Belgium,13
44,L HAMILTON,HAM,hamilton,Mercedes,00d2be,mercedes,Lewis,Hamilton,Lewis Hamilton,https://www.formula1.com/content/dam/fom-website/drivers/L/LEWHAM01_Lewis_Hamilton/lewham01.png,,1.0,1,1.0,,,,0 days 01:24:31.198000,Finished,25.0,French Grand Prix,France,8
77,V BOTTAS,BOT,bottas,Mercedes,00d2be,mercedes,Valtteri,Bottas,Valtteri Bottas,https://www.formula1.com/content/dam/fom-website/drivers/V/VALBOT01_Valtteri_Bottas/valbot01.png,,2.0,2,2.0,,,,0 days 00:00:18.056000,Finished,18.0,French Grand Prix,France,8
16,C LECLERC,LEC,leclerc,Ferrari,dc0000,ferrari,Charles,Leclerc,Charles Leclerc,https://www.formula1.com/content/dam/fom-website/drivers/C/CHALEC01_Charles_Leclerc/chalec01.png,,3.0,3,3.0,,,,0 days 00:00:18.985000,Finished,15.0,French Grand Prix,France,8
33,M VERSTAPPEN,VER,max_verstappen,Red Bull Racing,1e41ff,red_bull,Max,Verstappen,Max Verstappen,https://www.formula1.com/content/dam/fom-website/drivers/M/MAXVER01_Max_Verstappen/maxver01.png,,4.0,4,4.0,,,,0 days 00:00:34.905000,Finished,12.0,French Grand Prix,France,8
5,S VETTEL,VET,vettel,Ferrari,dc0000,ferrari,Sebastian,Vettel,Sebastian Vettel,https://www.formula1.com/content/dam/fom-website/drivers/S/SEBVET01_Sebastian_Vettel/sebvet01.png,,5.0,5,7.0,,,,0 days 00:01:02.796000,Finished,11.0,French Grand Prix,France,8
55,C SAINZ,SAI,sainz,McLaren,ff8700,mclaren,Carlos,Sainz,Carlos Sainz,https://www.formula1.com/content/dam/fom-website/drivers/C/CARSAI01_Carlos_Sainz/carsai01.png,,6.0,6,6.0,,,,0 days 00:01:35.462000,Finished,8.0,French Grand Prix,France,8
7,K RAIKKONEN,RAI,raikkonen,Alfa Romeo Racing,9b0000,alfa,Kimi,Räikkönen,Kimi Räikkönen,https://www.formula1.com/content/dam/fom-website/drivers/K/KIMRAI01_Kimi_R%C3%A4ikk%C3%B6nen/kimrai01.png,,7.0,7,12.0,,,,,+1 Lap,6.0,French Grand Prix,France,8
27,N HULKENBERG,HUL,hulkenberg,Renault,fff500,renault,Nico,Hulkenberg,Nico Hulkenberg,https://www.formula1.com/content/dam/fom-website/drivers/N/NICHUL01_Nico_Hulkenberg/nichul01.png,,8.0,8,13.0,,,,,+1 Lap,4.0,French Grand Prix,France,8
4,L NORRIS,NOR,norris,McLaren,ff8700,mclaren,Lando,Norris,Lando Norris,https://www.formula1.com/content/dam/fom-website/drivers/L/LANNOR01_Lando_Norris/lannor01.png,,9.0,9,5.0,,,,,+1 Lap,2.0,French Grand Prix,France,8
10,P GASLY,GAS,gasly,Red Bull Racing,1e41ff,red_bull,Pierre,Gasly,Pierre Gasly,https://www.formula1.com/content/dam/fom-website/drivers/P/PIEGAS01_Pierre_Gasly/piegas01.png,,10.0,10,9.0,,,,,+1 Lap,1.0,French Grand Prix,France,8
3,D RICCIARDO,RIC,ricciardo,Renault,fff500,renault,Daniel,Ricciardo,Daniel Ricciardo,https://www.formula1.com/content/dam/fom-website/drivers/D/DANRIC01_Daniel_Ricciardo/danric01.png,,11.0,11,8.0,,,,,+1 Lap,0.0,French Grand Prix,France,8
11,S PEREZ,PER,perez,Racing Point,f596c8,racing_point,Sergio,Perez,Sergio Perez,https://www.formula1.com/content/dam/fom-website/drivers/S/SERPER01_Sergio_Perez/serper01.png,,12.0,12,14.0,,,,,+1 Lap,0.0,French Grand Prix,France,8
18,L STROLL,STR,stroll,Racing Point,f596c8,racing_point,Lance,Stroll,Lance Stroll,https://www.formula1.com/content/dam/fom-website/drivers/L/LANSTR01_Lance_Stroll/lanstr01.png,,13.0,13,17.0,,,,,+1 Lap,0.0,French Grand Prix,France,8
26,D KVYAT,KVY,kvyat,Toro Rosso,469bff,toro_rosso,Daniil,Kvyat,Daniil Kvyat,https://www.formula1.com/content/dam/fom-website/drivers/D/DANKVY01_Daniil_Kvyat/dankvy01.png,,14.0,14,19.0,,,,,+1 Lap,0.0,French Grand Prix,France,8
23,A ALBON,ALB,albon,Toro Rosso,469bff,toro_rosso,Alexander,Albon,Alexander Albon,https://www.formula1.com/content/dam/fom-website/drivers/A/ALEALB01_Alexander_Albon/alealb01.png,,15.0,15,11.0,,,,,+1 Lap,0.0,French Grand Prix,France,8
99,A GIOVINAZZI,GIO,giovinazzi,Alfa Romeo Racing,9b0000,alfa,Antonio,Giovinazzi,Antonio Giovinazzi,https://www.formula1.com/content/dam/fom-website/drivers/A/ANTGIO01_Antonio_Giovinazzi/antgio01.png,,16.0,16,10.0,,,,,+1 Lap,0.0,French Grand Prix,France,8
20,K MAGNUSSEN,MAG,kevin_magnussen,Haas F1 Team,bd9e57,haas,Kevin,Magnussen,Kevin Magnussen,https://www.formula1.com/content/dam/fom-website/drivers/K/KEVMAG01_Kevin_Magnussen/kevmag01.png,,17.0,17,15.0,,,,,+1 Lap,0.0,French Grand Prix,France,8
88,R KUBICA,KUB,kubica,Williams,ffffff,williams,Robert,Kubica,Robert Kubica,https://www.formula1.com/content/dam/fom-website/drivers/R/ROBKUB01_Robert_Kubica/robkub01.png,,18.0,18,18.0,,,,,+2 Laps,0.0,French Grand Prix,France,8
63,G RUSSELL,RUS,russell,Williams,ffffff,williams,George,Russell,George Russell,https://www.formula1.com/content/dam/fom-website/drivers/G/GEORUS01_George_Russell/georus01.png,,19.0,19,20.0,,,,,+2 Laps,0.0,French Grand Prix,France,8
8,R GROSJEAN,GRO,grosjean,Haas F1 Team,bd9e57,haas,Romain,Grosjean,Romain Grosjean,https://www.formula1.com/content/dam/fom-website/drivers/R/ROMGRO01_Romain_Grosjean/romgro01.png,,20.0,20,16.0,,,,,Retired,0.0,French Grand Prix,France,8
44,L HAMILTON,HAM,hamilton,Mercedes,00d2be,mercedes,Lewis,Hamilton,Lewis Hamilton,,,1.0,1,2.0,,,,0 days 01:35:50.443000,Finished,26.0,Spanish Grand Prix,Spain,5
77,V BOTTAS,BOT,bottas,Mercedes,00d2be,mercedes,Valtteri,Bottas,Valtteri Bottas,,,2.0,2,1.0,,,,0 days 00:00:04.074000,Finished,18.0,Spanish Grand Prix,Spain,5
33,M VERSTAPPEN,VER,max_verstappen,Red Bull Racing,1e41ff,red_bull,Max,Verstappen,Max Verstappen,,,3.0,3,4.0,,,,0 days 00:00:07.679000,Finished,15.0,Spanish Grand Prix,Spain,5
5,S VETTEL,VET,vettel,Ferrari,dc0000,ferrari,Sebastian,Vettel,Sebastian Vettel,,,4.0,4,3.0,,,,0 days 00:00:09.167000,Finished,12.0,Spanish Grand Prix,Spain,5
16,C LECLERC,LEC,leclerc,Ferrari,dc0000,ferrari,Charles,Leclerc,Charles Leclerc,,,5.0,5,5.0,,,,0 days 00:00:13.361000,Finished,10.0,Spanish Grand Prix,Spain,5
10,P GASLY,GAS,gasly,Red Bull Racing,1e41ff,red_bull,Pierre,Gasly,Pierre Gasly,,,6.0,6,6.0,,,,0 days 00:00:19.576000,Finished,8.0,Spanish Grand Prix,Spain,5
20,K MAGNUSSEN,MAG,kevin_magnussen,Haas F1 Team,bd9e57,haas,Kevin,Magnussen,Kevin Magnussen,,,7.0,7,8.0,,,,0 days 00:00:28.159000,Finished,6.0,Spanish Grand Prix,Spain,5
55,C SAINZ,SAI,sainz,McLaren,ff8700,mclaren,Carlos,Sainz,Carlos Sainz,,,8.0,8,12.0,,,,0 days 00:00:32.342000,Finished,4.0,Spanish Grand Prix,Spain,5
26,D KVYAT,KVY,kvyat,Toro Rosso,469bff,toro_rosso,Daniil,Kvyat,Daniil Kvyat,,,9.0,9,9.0,,,,0 days 00:00:33.056000,Finished,2.0,Spanish Grand Prix,Spain,5
8,R GROSJEAN,GRO,grosjean,Haas F1 Team,bd9e57,haas,Romain,Grosjean,Romain Grosjean,,,10.0,10,7.0,,,,0 days 00:00:34.641000,Finished,1.0,Spanish Grand Prix,Spain,5
23,A ALBON,ALB,albon,Toro Rosso,469bff,toro_rosso,Alexander,Albon,Alexander Albon,,,11.0,11,11.0,,,,0 days 00:00:35.445000,Finished,0.0,Spanish Grand Prix,Spain,5
3,D RICCIARDO,RIC,ricciardo,Renault,fff500,renault,Daniel,Ricciardo,Daniel Ricciardo,,,12.0,12,13.0,,,,0 days 00:00:36.758000,Finished,0.0,Spanish Grand Prix,Spain,5
27,N HULKENBERG,HUL,hulkenberg,Renault,fff500,renault,Nico,Hulkenberg,Nico Hulkenberg,,,13.0,13,0.0,,,,0 days 00:00:39.241000,Finished,0.0,Spanish Grand Prix,Spain,5
7,K RAIKKONEN,RAI,raikkonen,Alfa Romeo Racing,9b0000,alfa,Kimi,Räikkönen,Kimi Räikkönen,,,14.0,14,14.0,,,,0 days 00:00:41.803000,Finished,0.0,Spanish Grand Prix,Spain,5
11,S PEREZ,PER,perez,Racing Point,f596c8,racing_point,Sergio,Perez,Sergio Perez,,,15.0,15,15.0,,,,0 days 00:00:46.877000,Finished,0.0,Spanish Grand Prix,Spain,5
99,A GIOVINAZZI,GIO,giovinazzi,Alfa Romeo Racing,9b0000,alfa,Antonio,Giovinazzi,Antonio Giovinazzi,,,16.0,16,18.0,,,,0 days 00:00:47.691000,Finished,0.0,Spanish Grand Prix,Spain,5
63,G RUSSELL,RUS,russell,Williams,ffffff,williams,George,Russell,George Russell,,,17.0,17,19.0,,,,,+1 Lap,0.0,Spanish Grand Prix,Spain,5
88,R KUBICA,KUB,kubica,Williams,ffffff,williams,Robert,Kubica,Robert Kubica,,,18.0,18,17.0,,,,,+1 Lap,0.0,Spanish Grand Prix,Spain,5
18,L STROLL,STR,stroll,Racing Point,f596c8,racing_point,Lance,Stroll,Lance Stroll,,,19.0,R,16.0,,,,,Collision,0.0,Spanish Grand Prix,Spain,5
4,L NORRIS,NOR,norris,McLaren,ff8700,mclaren,Lando,Norris,Lando Norris,,,20.0,R,10.0,,,,,Collision,0.0,Spanish Grand Prix,Spain,5
44,L HAMILTON,HAM,hamilton,Mercedes,00d2be,mercedes,Lewis,Hamilton,Lewis Hamilton,https://www.formula1.com/content/dam/fom-website/drivers/L/LEWHAM01_Lewis_Hamilton/lewham01.png,,1.0,1,2.0,,,,0 days 01:21:08.452000,Finished,26.0,British Grand Prix,Great Britain,10
77,V BOTTAS,BOT,bottas,Mercedes,00d2be,mercedes,Valtteri,Bottas,Valtteri Bottas,https://www.formula1.com/content/dam/fom-website/drivers/V/VALBOT01_Valtteri_Bottas/valbot01.png,,2.0,2,1.0,,,,0 days 00:00:24.928000,Finished,18.0,British Grand Prix,Great Britain,10
16,C LECLERC,LEC,leclerc,Ferrari,dc0000,ferrari,Charles,Leclerc,Charles Leclerc,https://www.formula1.com/content/dam/fom-website/drivers/C/CHALEC01_Charles_Leclerc/chalec01.png,,3.0,3,3.0,,,,0 days 00:00:30.117000,Finished,15.0,British Grand Prix,Great Britain,10
10,P GASLY,GAS,gasly,Red Bull Racing,1e41ff,red_bull,Pierre,Gasly,Pierre Gasly,https://www.formula1.com/content/dam/fom-website/drivers/P/PIEGAS01_Pierre_Gasly/piegas01.png,,4.0,4,5.0,,,,0 days 00:00:34.692000,Finished,12.0,British Grand Prix,Great Britain,10
33,M VERSTAPPEN,VER,max_verstappen,Red Bull Racing,1e41ff,red_bull,Max,Verstappen,Max Verstappen,https://www.formula1.com/content/dam/fom-website/drivers/M/MAXVER01_Max_Verstappen/maxver01.png,,5.0,5,4.0,,,,0 days 00:00:39.458000,Finished,10.0,British Grand Prix,Great Britain,10
55,C SAINZ,SAI,sainz,McLaren,ff8700,mclaren,Carlos,Sainz,Carlos Sainz,https://www.formula1.com/content/dam/fom-website/drivers/C/CARSAI01_Carlos_Sainz/carsai01.png,,6.0,6,13.0,,,,0 days 00:00:53.639000,Finished,8.0,British Grand Prix,Great Britain,10
3,D RICCIARDO,RIC,ricciardo,Renault,fff500,renault,Daniel,Ricciardo,Daniel Ricciardo,https://www.formula1.com/content/dam/fom-website/drivers/D/DANRIC01_Daniel_Ricciardo/danric01.png,,7.0,7,7.0,,,,0 days 00:00:54.401000,Finished,6.0,British Grand Prix,Great Britain,10
7,K RAIKKONEN,RAI,raikkonen,Alfa Romeo Racing,9b0000,alfa,Kimi,Räikkönen,Kimi Räikkönen,https://www.formula1.com/content/dam/fom-website/drivers/K/KIMRAI01_Kimi_R%C3%A4ikk%C3%B6nen/kimrai01.png,,8.0,8,12.0,,,,0 days 00:01:05.540000,Finished,4.0,British Grand Prix,Great Britain,10
26,D KVYAT,KVY,kvyat,Toro Rosso,469bff,toro_rosso,Daniil,Kvyat,Daniil Kvyat,https://www.formula1.com/content/dam/fom-website/drivers/D/DANKVY01_Daniil_Kvyat/dankvy01.png,,9.0,9,17.0,,,,0 days 00:01:06.720000,Finished,2.0,British Grand Prix,Great Britain,10
27,N HULKENBERG,HUL,hulkenberg,Renault,fff500,renault,Nico,Hulkenberg,Nico Hulkenberg,https://www.formula1.com/content/dam/fom-website/drivers/N/NICHUL01_Nico_Hulkenberg/nichul01.png,,10.0,10,10.0,,,,0 days 00:01:12.733000,Finished,1.0,British Grand Prix,Great Britain,10
4,L NORRIS,NOR,norris,McLaren,ff8700,mclaren,Lando,Norris,Lando Norris,https://www.formula1.com/content/dam/fom-website/drivers/L/LANNOR01_Lando_Norris/lannor01.png,,11.0,11,8.0,,,,0 days 00:01:14.281000,Finished,0.0,British Grand Prix,Great Britain,10
23,A ALBON,ALB,albon,Toro Rosso,469bff,toro_rosso,Alexander,Albon,Alexander Albon,https://www.formula1.com/content/dam/fom-website/drivers/A/ALEALB01_Alexander_Albon/alealb01.png,,12.0,12,9.0,,,,0 days 00:01:15.617000,Finished,0.0,British Grand Prix,Great Britain,10
18,L STROLL,STR,stroll,Racing Point,f596c8,racing_point,Lance,Stroll,Lance Stroll,https://www.formula1.com/content/dam/fom-website/drivers/L/LANSTR01_Lance_Stroll/lanstr01.png,,13.0,13,18.0,,,,0 days 00:01:21.086000,Finished,0.0,British Grand Prix,Great Britain,10
63,G RUSSELL,RUS,russell,Williams,ffffff,williams,George,Russell,George Russell,https://www.formula1.com/content/dam/fom-website/drivers/G/GEORUS01_George_Russell/georus01.png,,14.0,14,19.0,,,,,+1 Lap,0.0,British Grand Prix,Great Britain,10
88,R KUBICA,KUB,kubica,Williams,ffffff,williams,Robert,Kubica,Robert Kubica,https://www.formula1.com/content/dam/fom-website/drivers/R/ROBKUB01_Robert_Kubica/robkub01.png,,15.0,15,20.0,,,,,+1 Lap,0.0,British Grand Prix,Great Britain,10
5,S VETTEL,VET,vettel,Ferrari,dc0000,ferrari,Sebastian,Vettel,Sebastian Vettel,https://www.formula1.com/content/dam/fom-website/drivers/S/SEBVET01_Sebastian_Vettel/sebvet01.png,,16.0,16,6.0,,,,,+1 Lap,0.0,British Grand Prix,Great Britain,10
11,S PEREZ,PER,perez,Racing Point,f596c8,racing_point,Sergio,Perez,Sergio Perez,https://www.formula1.com/content/dam/fom-website/drivers/S/SERPER01_Sergio_Perez/serper01.png,,17.0,17,15.0,,,,,+1 Lap,0.0,British Grand Prix,Great Britain,10
99,A GIOVINAZZI,GIO,giovinazzi,Alfa Romeo Racing,9b0000,alfa,Antonio,Giovinazzi,Antonio Giovinazzi,https://www.formula1.com/content/dam/fom-website/drivers/A/ANTGIO01_Antonio_Giovinazzi/antgio01.png,,18.0,R,11.0,,,,,Spun off,0.0,British Grand Prix,Great Britain,10
8,R GROSJEAN,GRO,grosjean,Haas F1 Team,bd9e57,haas,Romain,Grosjean,Romain Grosjean,https://www.formula1.com/content/dam/fom-website/drivers/R/ROMGRO01_Romain_Grosjean/romgro01.png,,19.0,R,14.0,,,,,Collision,0.0,British Grand Prix,Great Britain,10
20,K MAGNUSSEN,MAG,kevin_magnussen,Haas F1 Team,bd9e57,haas,Kevin,Magnussen,Kevin Magnussen,https://www.formula1.com/content/dam/fom-website/drivers/K/KEVMAG01_Kevin_Magnussen/kevmag01.png,,20.0,R,16.0,,,,,Collision,0.0,British Grand Prix,Great Britain,10
33,M VERSTAPPEN,VER,max_verstappen,Red Bull Racing,1e41ff,red_bull,Max,Verstappen,Max Verstappen,,,1.0,1,1.0,,,,0 days 01:33:14.678000,Finished,25.0,Brazilian Grand Prix,Brazil,20
10,P GASLY,GAS,gasly,Toro Rosso,469bff,toro_rosso,Pierre,Gasly,Pierre Gasly,,,2.0,2,6.0,,,,0 days 00:00:06.077000,Finished,18.0,Brazilian Grand Prix,Brazil,20
55,C SAINZ,SAI,sainz,McLaren,ff8700,mclaren,Carlos,Sainz,Carlos Sainz,,,3.0,3,20.0,,,,0 days 00:00:08.896000,Finished,15.0,Brazilian Grand Prix,Brazil,20
7,K RAIKKONEN,RAI,raikkonen,Alfa Romeo Racing,9b0000,alfa,Kimi,Räikkönen,Kimi Räikkönen,,,4.0,4,8.0,,,,0 days 00:00:09.452000,Finished,12.0,Brazilian Grand Prix,Brazil,20
99,A GIOVINAZZI,GIO,giovinazzi,Alfa Romeo Racing,9b0000,alfa,Antonio,Giovinazzi,Antonio Giovinazzi,,,5.0,5,12.0,,,,0 days 00:00:10.201000,Finished,10.0,Brazilian Grand Prix,Brazil,20
3,D RICCIARDO,RIC,ricciardo,Renault,fff500,renault,Daniel,Ricciardo,Daniel Ricciardo,,,6.0,6,11.0,,,,0 days 00:00:10.541000,Finished,8.0,Brazilian Grand Prix,Brazil,20
44,L HAMILTON,HAM,hamilton,Mercedes,00d2be,mercedes,Lewis,Hamilton,Lewis Hamilton,,,7.0,7,3.0,,,,0 days 00:00:11.139000,Finished,6.0,Brazilian Grand Prix,Brazil,20
4,L NORRIS,NOR,norris,McLaren,ff8700,mclaren,Lando,Norris,Lando Norris,,,8.0,8,10.0,,,,0 days 00:00:11.204000,Finished,4.0,Brazilian Grand Prix,Brazil,20
11,S PEREZ,PER,perez,Racing Point,f596c8,racing_point,Sergio,Perez,Sergio Perez,,,9.0,9,15.0,,,,0 days 00:00:11.529000,Finished,2.0,Brazilian Grand Prix,Brazil,20
26,D KVYAT,KVY,kvyat,Toro Rosso,469bff,toro_rosso,Daniil,Kvyat,Daniil Kvyat,,,10.0,10,16.0,,,,0 days 00:00:11.931000,Finished,1.0,Brazilian Grand Prix,Brazil,20
20,K MAGNUSSEN,MAG,kevin_magnussen,Haas F1 Team,bd9e57,haas,Kevin,Magnussen,Kevin Magnussen,,,11.0,11,9.0,,,,0 days 00:00:12.732000,Finished,0.0,Brazilian Grand Prix,Brazil,20
63,G RUSSELL,RUS,russell,Williams,ffffff,williams,George,Russell,George Russell,https://www.formula1.com/content/dam/fom-website/drivers/G/GEORUS01_George_Russell/georus01.png.transform/1col/image.png,,12.0,12,18.0,,,,0 days 00:00:13.599000,Finished,0.0,Brazilian Grand Prix,Brazil,20
8,R GROSJEAN,GRO,grosjean,Haas F1 Team,bd9e57,haas,Romain,Grosjean,Romain Grosjean,,,13.0,13,7.0,,,,0 days 00:00:14.247000,Finished,0.0,Brazilian Grand Prix,Brazil,20
23,A ALBON,ALB,albon,Red Bull Racing,1e41ff,red_bull,Alexander,Albon,Alexander Albon,,,14.0,14,5.0,,,,0 days 00:00:14.927000,Finished,0.0,Brazilian Grand Prix,Brazil,20
27,N HULKENBERG,HUL,hulkenberg,Renault,fff500,renault,Nico,Hulkenberg,Nico Hulkenberg,,,15.0,15,13.0,,,,0 days 00:00:18.059000,Finished,0.0,Brazilian Grand Prix,Brazil,20
88,R KUBICA,KUB,kubica,Williams,ffffff,williams,Robert,Kubica,Robert Kubica,https://www.formula1.com/content/dam/fom-website/drivers/R/ROBKUB01_Robert_Kubica/robkub01.png.transform/1col/image.png,,16.0,16,19.0,,,,,+1 Lap,0.0,Brazilian Grand Prix,Brazil,20
5,S VETTEL,VET,vettel,Ferrari,dc0000,ferrari,Sebastian,Vettel,Sebastian Vettel,,,17.0,17,2.0,,,,,Collision,0.0,Brazilian Grand Prix,Brazil,20
16,C LECLERC,LEC,leclerc,Ferrari,dc0000,ferrari,Charles,Leclerc,Charles Leclerc,,,18.0,18,14.0,,,,,Collision,0.0,Brazilian Grand Prix,Brazil,20
18,L STROLL,STR,stroll,Racing Point,f596c8,racing_point,Lance,Stroll,Lance Stroll,,,19.0,19,17.0,,,,,Suspension,0.0,Brazilian Grand Prix,Brazil,20
77,V BOTTAS,BOT,bottas,Mercedes,00d2be,mercedes,Valtteri,Bottas,Valtteri Bottas,,,20.0,R,4.0,,,,,Power Unit,0.0,Brazilian Grand Prix,Brazil,20
77,V BOTTAS,BOT,bottas,Mercedes,00d2be,mercedes,Valtteri,Bottas,Valtteri Bottas,https://www.formula1.com/content/dam/fom-website/drivers/V/VALBOT01_Valtteri_Bottas/valbot01.png,,1.0,1,3.0,,,,0 days 01:21:46.755000,Finished,25.0,Japanese Grand Prix,Japan,17
5,S VETTEL,VET,vettel,Ferrari,dc0000,ferrari,Sebastian,Vettel,Sebastian Vettel,https://www.formula1.com/content/dam/fom-website/drivers/S/SEBVET01_Sebastian_Vettel/sebvet01.png,,2.0,2,1.0,,,,0 days 00:00:13.343000,Finished,18.0,Japanese Grand Prix,Japan,17
44,L HAMILTON,HAM,hamilton,Mercedes,00d2be,mercedes,Lewis,Hamilton,Lewis Hamilton,https://www.formula1.com/content/dam/fom-website/drivers/L/LEWHAM01_Lewis_Hamilton/lewham01.png,,3.0,3,4.0,,,,0 days 00:00:13.858000,Finished,16.0,Japanese Grand Prix,Japan,17
23,A ALBON,ALB,albon,Red Bull Racing,1e41ff,red_bull,Alexander,Albon,Alexander Albon,https://www.formula1.com/content/dam/fom-website/drivers/A/ALEALB01_Alexander_Albon/alealb01.png,,4.0,4,6.0,,,,0 days 00:00:59.537000,Finished,12.0,Japanese Grand Prix,Japan,17
55,C SAINZ,SAI,sainz,McLaren,ff8700,mclaren,Carlos,Sainz,Carlos Sainz,https://www.formula1.com/content/dam/fom-website/drivers/C/CARSAI01_Carlos_Sainz/carsai01.png,,5.0,5,7.0,,,,0 days 00:01:09.101000,Finished,10.0,Japanese Grand Prix,Japan,17
16,C LECLERC,LEC,leclerc,Ferrari,dc0000,ferrari,Charles,Leclerc,Charles Leclerc,https://www.formula1.com/content/dam/fom-website/drivers/C/CHALEC01_Charles_Leclerc/chalec01.png,,6.0,6,2.0,,,,,+1 Lap,8.0,Japanese Grand Prix,Japan,17
10,P GASLY,GAS,gasly,Toro Rosso,469bff,toro_rosso,Pierre,Gasly,Pierre Gasly,https://www.formula1.com/content/dam/fom-website/drivers/P/PIEGAS01_Pierre_Gasly/piegas01.png,,7.0,7,9.0,,,,,+1 Lap,6.0,Japanese Grand Prix,Japan,17
11,S PEREZ,PER,perez,Racing Point,f596c8,racing_point,Sergio,Perez,Sergio Perez,https://www.formula1.com/content/dam/fom-website/drivers/S/SERPER01_Sergio_Perez/serper01.png,,8.0,8,17.0,,,,,+1 Lap,4.0,Japanese Grand Prix,Japan,17
18,L STROLL,STR,stroll,Racing Point,f596c8,racing_point,Lance,Stroll,Lance Stroll,https://www.formula1.com/content/dam/fom-website/drivers/L/LANSTR01_Lance_Stroll/lanstr01.png,,9.0,9,12.0,,,,,+1 Lap,2.0,Japanese Grand Prix,Japan,17
26,D KVYAT,KVY,kvyat,Toro Rosso,469bff,toro_rosso,Daniil,Kvyat,Daniil Kvyat,https://www.formula1.com/content/dam/fom-website/drivers/D/DANKVY01_Daniil_Kvyat/dankvy01.png,,10.0,10,14.0,,,,,+1 Lap,1.0,Japanese Grand Prix,Japan,17
4,L NORRIS,NOR,norris,McLaren,ff8700,mclaren,Lando,Norris,Lando Norris,https://www.formula1.com/content/dam/fom-website/drivers/L/LANNOR01_Lando_Norris/lannor01.png,,11.0,11,8.0,,,,,+1 Lap,0.0,Japanese Grand Prix,Japan,17
7,K RAIKKONEN,RAI,raikkonen,Alfa Romeo Racing,9b0000,alfa,Kimi,Räikkönen,Kimi Räikkönen,https://www.formula1.com/content/dam/fom-website/drivers/K/KIMRAI01_Kimi_R%C3%A4ikk%C3%B6nen/kimrai01.png,,12.0,12,13.0,,,,,+1 Lap,0.0,Japanese Grand Prix,Japan,17
8,R GROSJEAN,GRO,grosjean,Haas F1 Team,bd9e57,haas,Romain,Grosjean,Romain Grosjean,https://www.formula1.com/content/dam/fom-website/drivers/R/ROMGRO01_Romain_Grosjean/romgro01.png,,13.0,13,10.0,,,,,+1 Lap,0.0,Japanese Grand Prix,Japan,17
99,A GIOVINAZZI,GIO,giovinazzi,Alfa Romeo Racing,9b0000,alfa,Antonio,Giovinazzi,Antonio Giovinazzi,https://www.formula1.com/content/dam/fom-website/drivers/A/ANTGIO01_Antonio_Giovinazzi/antgio01.png,,14.0,14,11.0,,,,,+1 Lap,0.0,Japanese Grand Prix,Japan,17
20,K MAGNUSSEN,MAG,kevin_magnussen,Haas F1 Team,bd9e57,haas,Kevin,Magnussen,Kevin Magnussen,https://www.formula1.com/content/dam/fom-website/drivers/K/KEVMAG01_Kevin_Magnussen/kevmag01.png,,15.0,15,19.0,,,,,+1 Lap,0.0,Japanese Grand Prix,Japan,17
63,G RUSSELL,RUS,russell,Williams,ffffff,williams,George,Russell,George Russell,https://www.formula1.com/content/dam/fom-website/drivers/G/GEORUS01_George_Russell/georus01.png,,16.0,16,18.0,,,,,+2 Laps,0.0,Japanese Grand Prix,Japan,17
88,R KUBICA,KUB,kubica,Williams,ffffff,williams,Robert,Kubica,Robert Kubica,https://www.formula1.com/content/dam/fom-website/drivers/R/ROBKUB01_Robert_Kubica/robkub01.png,,17.0,17,0.0,,,,,+2 Laps,0.0,Japanese Grand Prix,Japan,17
33,M VERSTAPPEN,VER,max_verstappen,Red Bull Racing,1e41ff,red_bull,Max,Verstappen,Max Verstappen,https://www.formula1.com/content/dam/fom-website/drivers/M/MAXVER01_Max_Verstappen/maxver01.png,,18.0,R,5.0,,,,,Brakes,0.0,Japanese Grand Prix,Japan,17
3,D RICCIARDO,RIC,ricciardo,Renault,fff500,renault,Daniel,Ricciardo,Daniel Ricciardo,https://www.formula1.com/content/dam/fom-website/drivers/D/DANRIC01_Daniel_Ricciardo/danric01.png,,19.0,D,16.0,,,,,Disqualified,0.0,Japanese Grand Prix,Japan,17
27,N HULKENBERG,HUL,hulkenberg,Renault,fff500,renault,Nico,Hulkenberg,Nico Hulkenberg,https://www.formula1.com/content/dam/fom-website/drivers/N/NICHUL01_Nico_Hulkenberg/nichul01.png,,20.0,D,15.0,,,,,Disqualified,0.0,Japanese Grand Prix,Japan,17
44,L HAMILTON,HAM,hamilton,Mercedes,00d2be,mercedes,Lewis,Hamilton,Lewis Hamilton,https://www.formula1.com/content/dam/fom-website/drivers/L/LEWHAM01_Lewis_Hamilton/lewham01.png,,1.0,1,2.0,,,,0 days 01:33:38.992000,Finished,26.0,Russian Grand Prix,Russia,16
77,V BOTTAS,BOT,bottas,Mercedes,00d2be,mercedes,Valtteri,Bottas,Valtteri Bottas,https://www.formula1.com/content/dam/fom-website/drivers/V/VALBOT01_Valtteri_Bottas/valbot01.png,,2.0,2,4.0,,,,0 days 00:00:03.829000,Finished,18.0,Russian Grand Prix,Russia,16
16,C LECLERC,LEC,leclerc,Ferrari,dc0000,ferrari,Charles,Leclerc,Charles Leclerc,https://www.formula1.com/content/dam/fom-website/drivers/C/CHALEC01_Charles_Leclerc/chalec01.png,,3.0,3,1.0,,,,0 days 00:00:05.212000,Finished,15.0,Russian Grand Prix,Russia,16
33,M VERSTAPPEN,VER,max_verstappen,Red Bull Racing,1e41ff,red_bull,Max,Verstappen,Max Verstappen,https://www.formula1.com/content/dam/fom-website/drivers/M/MAXVER01_Max_Verstappen/maxver01.png,,4.0,4,9.0,,,,0 days 00:00:14.210000,Finished,12.0,Russian Grand Prix,Russia,16
23,A ALBON,ALB,albon,Red Bull Racing,1e41ff,red_bull,Alexander,Albon,Alexander Albon,https://www.formula1.com/content/dam/fom-website/drivers/A/ALEALB01_Alexander_Albon/alealb01.png,,5.0,5,0.0,,,,0 days 00:00:38.348000,Finished,10.0,Russian Grand Prix,Russia,16
55,C SAINZ,SAI,sainz,McLaren,ff8700,mclaren,Carlos,Sainz,Carlos Sainz,https://www.formula1.com/content/dam/fom-website/drivers/C/CARSAI01_Carlos_Sainz/carsai01.png,,6.0,6,5.0,,,,0 days 00:00:45.889000,Finished,8.0,Russian Grand Prix,Russia,16
11,S PEREZ,PER,perez,Racing Point,f596c8,racing_point,Sergio,Perez,Sergio Perez,https://www.formula1.com/content/dam/fom-website/drivers/S/SERPER01_Sergio_Perez/serper01.png,,7.0,7,11.0,,,,0 days 00:00:48.728000,Finished,6.0,Russian Grand Prix,Russia,16
4,L NORRIS,NOR,norris,McLaren,ff8700,mclaren,Lando,Norris,Lando Norris,https://www.formula1.com/content/dam/fom-website/drivers/L/LANNOR01_Lando_Norris/lannor01.png,,8.0,8,7.0,,,,0 days 00:00:57.749000,Finished,4.0,Russian Grand Prix,Russia,16
20,K MAGNUSSEN,MAG,kevin_magnussen,Haas F1 Team,bd9e57,haas,Kevin,Magnussen,Kevin Magnussen,https://www.formula1.com/content/dam/fom-website/drivers/K/KEVMAG01_Kevin_Magnussen/kevmag01.png,,9.0,9,13.0,,,,0 days 00:00:58.779000,Finished,2.0,Russian Grand Prix,Russia,16
27,N HULKENBERG,HUL,hulkenberg,Renault,fff500,renault,Nico,Hulkenberg,Nico Hulkenberg,https://www.formula1.com/content/dam/fom-website/drivers/N/NICHUL01_Nico_Hulkenberg/nichul01.png,,10.0,10,6.0,,,,0 days 00:00:59.841000,Finished,1.0,Russian Grand Prix,Russia,16
18,L STROLL,STR,stroll,Racing Point,f596c8,racing_point,Lance,Stroll,Lance Stroll,https://www.formula1.com/content/dam/fom-website/drivers/L/LANSTR01_Lance_Stroll/lanstr01.png,,11.0,11,14.0,,,,0 days 00:01:00.821000,Finished,0.0,Russian Grand Prix,Russia,16
26,D KVYAT,KVY,kvyat,Toro Rosso,469bff,toro_rosso,Daniil,Kvyat,Daniil Kvyat,https://www.formula1.com/content/dam/fom-website/drivers/D/DANKVY01_Daniil_Kvyat/dankvy01.png,,12.0,12,19.0,,,,0 days 00:01:02.496000,Finished,0.0,Russian Grand Prix,Russia,16
7,K RAIKKONEN,RAI,raikkonen,Alfa Romeo Racing,9b0000,alfa,Kimi,Räikkönen,Kimi Räikkönen,https://www.formula1.com/content/dam/fom-website/drivers/K/KIMRAI01_Kimi_R%C3%A4ikk%C3%B6nen/kimrai01.png,,13.0,13,15.0,,,,0 days 00:01:08.910000,Finished,0.0,Russian Grand Prix,Russia,16
10,P GASLY,GAS,gasly,Toro Rosso,469bff,toro_rosso,Pierre,Gasly,Pierre Gasly,https://www.formula1.com/content/dam/fom-website/drivers/P/PIEGAS01_Pierre_Gasly/piegas01.png,,14.0,14,16.0,,,,0 days 00:01:10.076000,Finished,0.0,Russian Grand Prix,Russia,16
99,A GIOVINAZZI,GIO,giovinazzi,Alfa Romeo Racing,9b0000,alfa,Antonio,Giovinazzi,Antonio Giovinazzi,https://www.formula1.com/content/dam/fom-website/drivers/A/ANTGIO01_Antonio_Giovinazzi/antgio01.png,,15.0,15,12.0,,,,0 days 00:01:13.346000,Finished,0.0,Russian Grand Prix,Russia,16
88,R KUBICA,KUB,kubica,Williams,ffffff,williams,Robert,Kubica,Robert Kubica,https://www.formula1.com/content/dam/fom-website/drivers/R/ROBKUB01_Robert_Kubica/robkub01.png,,16.0,R,18.0,,,,,Brakes,0.0,Russian Grand Prix,Russia,16
63,G RUSSELL,RUS,russell,Williams,ffffff,williams,George,Russell,George Russell,https://www.formula1.com/content/dam/fom-website/drivers/G/GEORUS01_George_Russell/georus01.png,,17.0,R,17.0,,,,,Brakes,0.0,Russian Grand Prix,Russia,16
5,S VETTEL,VET,vettel,Ferrari,dc0000,ferrari,Sebastian,Vettel,Sebastian Vettel,https://www.formula1.com/content/dam/fom-website/drivers/S/SEBVET01_Sebastian_Vettel/sebvet01.png,,18.0,R,3.0,,,,,Power loss,0.0,Russian Grand Prix,Russia,16
3,D RICCIARDO,RIC,ricciardo,Renault,fff500,renault,Daniel,Ricciardo,Daniel Ricciardo,https://www.formula1.com/content/dam/fom-website/drivers/D/DANRIC01_Daniel_Ricciardo/danric01.png,,19.0,R,10.0,,,,,Collision,0.0,Russian Grand Prix,Russia,16
8,R GROSJEAN,GRO,grosjean,Haas F1 Team,bd9e57,haas,Romain,Grosjean,Romain Grosjean,https://www.formula1.com/content/dam/fom-website/drivers/R/ROMGRO01_Romain_Grosjean/romgro01.png,,20.0,R,8.0,,,,,Collision,0.0,Russian Grand Prix,Russia,16
33,M VERSTAPPEN,VER,max_verstappen,Red Bull Racing,1e41ff,red_bull,Max,Verstappen,Max Verstappen,https://www.formula1.com/content/dam/fom-website/drivers/M/MAXVER01_Max_Verstappen/maxver01.png,,1.0,1,2.0,,,,0 days 01:44:31.275000,Finished,26.0,German Grand Prix,Germany,11
5,S VETTEL,VET,vettel,Ferrari,dc0000,ferrari,Sebastian,Vettel,Sebastian Vettel,https://www.formula1.com/content/dam/fom-website/drivers/S/SEBVET01_Sebastian_Vettel/sebvet01.png,,2.0,2,20.0,,,,0 days 00:00:07.333000,Finished,18.0,German Grand Prix,Germany,11
26,D KVYAT,KVY,kvyat,Toro Rosso,469bff,toro_rosso,Daniil,Kvyat,Daniil Kvyat,https://www.formula1.com/content/dam/fom-website/drivers/D/DANKVY01_Daniil_Kvyat/dankvy01.png,,3.0,3,14.0,,,,0 days 00:00:08.305000,Finished,15.0,German Grand Prix,Germany,11
18,L STROLL,STR,stroll,Racing Point,f596c8,racing_point,Lance,Stroll,Lance Stroll,https://www.formula1.com/content/dam/fom-website/drivers/L/LANSTR01_Lance_Stroll/lanstr01.png,,4.0,4,15.0,,,,0 days 00:00:08.966000,Finished,12.0,German Grand Prix,Germany,11
55,C SAINZ,SAI,sainz,McLaren,ff8700,mclaren,Carlos,Sainz,Carlos Sainz,https://www.formula1.com/content/dam/fom-website/drivers/C/CARSAI01_Carlos_Sainz/carsai01.png,,5.0,5,7.0,,,,0 days 00:00:09.583000,Finished,10.0,German Grand Prix,Germany,11
23,A ALBON,ALB,albon,Toro Rosso,469bff,toro_rosso,Alexander,Albon,Alexander Albon,https://www.formula1.com/content/dam/fom-website/drivers/A/ALEALB01_Alexander_Albon/alealb01.png,,6.0,6,16.0,,,,0 days 00:00:10.052000,Finished,8.0,German Grand Prix,Germany,11
8,R GROSJEAN,GRO,grosjean,Haas F1 Team,bd9e57,haas,Romain,Grosjean,Romain Grosjean,https://www.formula1.com/content/dam/fom-website/drivers/R/ROMGRO01_Romain_Grosjean/romgro01.png,,7.0,7,6.0,,,,0 days 00:00:16.838000,Finished,6.0,German Grand Prix,Germany,11
20,K MAGNUSSEN,MAG,kevin_magnussen,Haas F1 Team,bd9e57,haas,Kevin,Magnussen,Kevin Magnussen,https://www.formula1.com/content/dam/fom-website/drivers/K/KEVMAG01_Kevin_Magnussen/kevmag01.png,,8.0,8,12.0,,,,0 days 00:00:18.765000,Finished,4.0,German Grand Prix,Germany,11
44,L HAMILTON,HAM,hamilton,Mercedes,00d2be,mercedes,Lewis,Hamilton,Lewis Hamilton,https://www.formula1.com/content/dam/fom-website/drivers/L/LEWHAM01_Lewis_Hamilton/lewham01.png,,9.0,9,1.0,,,,0 days 00:00:19.667000,Finished,2.0,German Grand Prix,Germany,11
88,R KUBICA,KUB,kubica,Williams,ffffff,williams,Robert,Kubica,Robert Kubica,https://www.formula1.com/content/dam/fom-website/drivers/R/ROBKUB01_Robert_Kubica/robkub01.png,,10.0,10,18.0,,,,0 days 00:00:24.987000,Finished,1.0,German Grand Prix,Germany,11
63,G RUSSELL,RUS,russell,Williams,ffffff,williams,George,Russell,George Russell,https://www.formula1.com/content/dam/fom-website/drivers/G/GEORUS01_George_Russell/georus01.png,,11.0,11,17.0,,,,0 days 00:00:26.404000,Finished,0.0,German Grand Prix,Germany,11
7,K RAIKKONEN,RAI,raikkonen,Alfa Romeo Racing,9b0000,alfa,Kimi,Räikkönen,Kimi Räikkönen,https://www.formula1.com/content/dam/fom-website/drivers/K/KIMRAI01_Kimi_R%C3%A4ikk%C3%B6nen/kimrai01.png,,12.0,12,5.0,,,,0 days 00:00:42.214000,Finished,0.0,German Grand Prix,Germany,11
99,A GIOVINAZZI,GIO,giovinazzi,Alfa Romeo Racing,9b0000,alfa,Antonio,Giovinazzi,Antonio Giovinazzi,https://www.formula1.com/content/dam/fom-website/drivers/A/ANTGIO01_Antonio_Giovinazzi/antgio01.png,,13.0,13,11.0,,,,0 days 00:00:43.849000,Finished,0.0,German Grand Prix,Germany,11
10,P GASLY,GAS,gasly,Red Bull Racing,1e41ff,red_bull,Pierre,Gasly,Pierre Gasly,https://www.formula1.com/content/dam/fom-website/drivers/P/PIEGAS01_Pierre_Gasly/piegas01.png,,14.0,14,4.0,,,,,Collision,0.0,German Grand Prix,Germany,11
77,V BOTTAS,BOT,bottas,Mercedes,00d2be,mercedes,Valtteri,Bottas,Valtteri Bottas,https://www.formula1.com/content/dam/fom-website/drivers/V/VALBOT01_Valtteri_Bottas/valbot01.png,,15.0,R,3.0,,,,,Accident,0.0,German Grand Prix,Germany,11
27,N HULKENBERG,HUL,hulkenberg,Renault,fff500,renault,Nico,Hulkenberg,Nico Hulkenberg,https://www.formula1.com/content/dam/fom-website/drivers/N/NICHUL01_Nico_Hulkenberg/nichul01.png,,16.0,R,9.0,,,,,Accident,0.0,German Grand Prix,Germany,11
16,C LECLERC,LEC,leclerc,Ferrari,dc0000,ferrari,Charles,Leclerc,Charles Leclerc,https://www.formula1.com/content/dam/fom-website/drivers/C/CHALEC01_Charles_Leclerc/chalec01.png,,17.0,R,10.0,,,,,Accident,0.0,German Grand Prix,Germany,11
4,L NORRIS,NOR,norris,McLaren,ff8700,mclaren,Lando,Norris,Lando Norris,https://www.formula1.com/content/dam/fom-website/drivers/L/LANNOR01_Lando_Norris/lannor01.png,,18.0,R,19.0,,,,,Power loss,0.0,German Grand Prix,Germany,11
3,D RICCIARDO,RIC,ricciardo,Renault,fff500,renault,Daniel,Ricciardo,Daniel Ricciardo,https://www.formula1.com/content/dam/fom-website/drivers/D/DANRIC01_Daniel_Ricciardo/danric01.png,,19.0,R,13.0,,,,,Exhaust,0.0,German Grand Prix,Germany,11
11,S PEREZ,PER,perez,Racing Point,f596c8,racing_point,Sergio,Perez,Sergio Perez,https://www.formula1.com/content/dam/fom-website/drivers/S/SERPER01_Sergio_Perez/serper01.png,,20.0,R,8.0,,,,,Spun off,0.0,German Grand Prix,Germany,11
44,L HAMILTON,HAM,hamilton,Mercedes,00d2be,mercedes,Lewis,Hamilton,Lewis Hamilton,https://www.formula1.com/content/dam/fom-website/drivers/L/LEWHAM01_Lewis_Hamilton/lewham01.png,,1.0,1,3.0,,,,0 days 01:35:03.796000,Finished,25.0,Hungarian Grand Prix,Hungary,12
33,M VERSTAPPEN,VER,max_verstappen,Red Bull Racing,1e41ff,red_bull,Max,Verstappen,Max Verstappen,https://www.formula1.com/content/dam/fom-website/drivers/M/MAXVER01_Max_Verstappen/maxver01.png,,2.0,2,1.0,,,,0 days 00:00:17.796000,Finished,19.0,Hungarian Grand Prix,Hungary,12
5,S VETTEL,VET,vettel,Ferrari,dc0000,ferrari,Sebastian,Vettel,Sebastian Vettel,https://www.formula1.com/content/dam/fom-website/drivers/S/SEBVET01_Sebastian_Vettel/sebvet01.png,,3.0,3,5.0,,,,0 days 00:01:01.433000,Finished,15.0,Hungarian Grand Prix,Hungary,12
16,C LECLERC,LEC,leclerc,Ferrari,dc0000,ferrari,Charles,Leclerc,Charles Leclerc,https://www.formula1.com/content/dam/fom-website/drivers/C/CHALEC01_Charles_Leclerc/chalec01.png,,4.0,4,4.0,,,,0 days 00:01:05.250000,Finished,12.0,Hungarian Grand Prix,Hungary,12
55,C SAINZ,SAI,sainz,McLaren,ff8700,mclaren,Carlos,Sainz,Carlos Sainz,https://www.formula1.com/content/dam/fom-website/drivers/C/CARSAI01_Carlos_Sainz/carsai01.png,,5.0,5,8.0,,,,,+1 Lap,10.0,Hungarian Grand Prix,Hungary,12
10,P GASLY,GAS,gasly,Red Bull Racing,1e41ff,red_bull,Pierre,Gasly,Pierre Gasly,https://www.formula1.com/content/dam/fom-website/drivers/P/PIEGAS01_Pierre_Gasly/piegas01.png,,6.0,6,6.0,,,,,+1 Lap,8.0,Hungarian Grand Prix,Hungary,12
7,K RAIKKONEN,RAI,raikkonen,Alfa Romeo Racing,9b0000,alfa,Kimi,Räikkönen,Kimi Räikkönen,https://www.formula1.com/content/dam/fom-website/drivers/K/KIMRAI01_Kimi_R%C3%A4ikk%C3%B6nen/kimrai01.png,,7.0,7,10.0,,,,,+1 Lap,6.0,Hungarian Grand Prix,Hungary,12
77,V BOTTAS,BOT,bottas,Mercedes,00d2be,mercedes,Valtteri,Bottas,Valtteri Bottas,https://www.formula1.com/content/dam/fom-website/drivers/V/VALBOT01_Valtteri_Bottas/valbot01.png,,8.0,8,2.0,,,,,+1 Lap,4.0,Hungarian Grand Prix,Hungary,12
4,L NORRIS,NOR,norris,McLaren,ff8700,mclaren,Lando,Norris,Lando Norris,https://www.formula1.com/content/dam/fom-website/drivers/L/LANNOR01_Lando_Norris/lannor01.png,,9.0,9,7.0,,,,,+1 Lap,2.0,Hungarian Grand Prix,Hungary,12
23,A ALBON,ALB,albon,Toro Rosso,469bff,toro_rosso,Alexander,Albon,Alexander Albon,https://www.formula1.com/content/dam/fom-website/drivers/A/ALEALB01_Alexander_Albon/alealb01.png,,10.0,10,12.0,,,,,+1 Lap,1.0,Hungarian Grand Prix,Hungary,12
11,S PEREZ,PER,perez,Racing Point,f596c8,racing_point,Sergio,Perez,Sergio Perez,https://www.formula1.com/content/dam/fom-website/drivers/S/SERPER01_Sergio_Perez/serper01.png,,11.0,11,16.0,,,,,+1 Lap,0.0,Hungarian Grand Prix,Hungary,12
27,N HULKENBERG,HUL,hulkenberg,Renault,fff500,renault,Nico,Hulkenberg,Nico Hulkenberg,https://www.formula1.com/content/dam/fom-website/drivers/N/NICHUL01_Nico_Hulkenberg/nichul01.png,,12.0,12,11.0,,,,,+1 Lap,0.0,Hungarian Grand Prix,Hungary,12
20,K MAGNUSSEN,MAG,kevin_magnussen,Haas F1 Team,bd9e57,haas,Kevin,Magnussen,Kevin Magnussen,https://www.formula1.com/content/dam/fom-website/drivers/K/KEVMAG01_Kevin_Magnussen/kevmag01.png,,13.0,13,14.0,,,,,+1 Lap,0.0,Hungarian Grand Prix,Hungary,12
3,D RICCIARDO,RIC,ricciardo,Renault,fff500,renault,Daniel,Ricciardo,Daniel Ricciardo,https://www.formula1.com/content/dam/fom-website/drivers/D/DANRIC01_Daniel_Ricciardo/danric01.png,,14.0,14,20.0,,,,,+1 Lap,0.0,Hungarian Grand Prix,Hungary,12
26,D KVYAT,KVY,kvyat,Toro Rosso,469bff,toro_rosso,Daniil,Kvyat,Daniil Kvyat,https://www.formula1.com/content/dam/fom-website/drivers/D/DANKVY01_Daniil_Kvyat/dankvy01.png,,15.0,15,13.0,,,,,+2 Laps,0.0,Hungarian Grand Prix,Hungary,12
63,G RUSSELL,RUS,russell,Williams,ffffff,williams,George,Russell,George Russell,https://www.formula1.com/content/dam/fom-website/drivers/G/GEORUS01_George_Russell/georus01.png,,16.0,16,15.0,,,,,+2 Laps,0.0,Hungarian Grand Prix,Hungary,12
18,L STROLL,STR,stroll,Racing Point,f596c8,racing_point,Lance,Stroll,Lance Stroll,https://www.formula1.com/content/dam/fom-website/drivers/L/LANSTR01_Lance_Stroll/lanstr01.png,,17.0,17,18.0,,,,,+2 Laps,0.0,Hungarian Grand Prix,Hungary,12
99,A GIOVINAZZI,GIO,giovinazzi,Alfa Romeo Racing,9b0000,alfa,Antonio,Giovinazzi,Antonio Giovinazzi,https://www.formula1.com/content/dam/fom-website/drivers/A/ANTGIO01_Antonio_Giovinazzi/antgio01.png,,18.0,18,17.0,,,,,+2 Laps,0.0,Hungarian Grand Prix,Hungary,12
88,R KUBICA,KUB,kubica,Williams,ffffff,williams,Robert,Kubica,Robert Kubica,https://www.formula1.com/content/dam/fom-website/drivers/R/ROBKUB01_Robert_Kubica/robkub01.png,,19.0,19,19.0,,,,,+3 Laps,0.0,Hungarian Grand Prix,Hungary,12
8,R GROSJEAN,GRO,grosjean,Haas F1 Team,bd9e57,haas,Romain,Grosjean,Romain Grosjean,https://www.formula1.com/content/dam/fom-website/drivers/R/ROMGRO01_Romain_Grosjean/romgro01.png,,20.0,R,9.0,,,,,Water pressure,0.0,Hungarian Grand Prix,Hungary,12
44,L HAMILTON,HAM,hamilton,Mercedes,00d2be,mercedes,Lewis,Hamilton,Lewis Hamilton,https://www.formula1.com/content/dam/fom-website/drivers/L/LEWHAM01_Lewis_Hamilton/lewham01.png.transform/1col/image.png,,1.0,1,1.0,,,,0 days 01:34:05.715000,Finished,26.0,Abu Dhabi Grand Prix,Abu Dhabi,21
33,M VERSTAPPEN,VER,max_verstappen,Red Bull Racing,1e41ff,red_bull,Max,Verstappen,Max Verstappen,https://www.formula1.com/content/dam/fom-website/drivers/M/MAXVER01_Max_Verstappen/maxver01.png.transform/1col/image.png,,2.0,2,2.0,,,,0 days 00:00:16.772000,Finished,18.0,Abu Dhabi Grand Prix,Abu Dhabi,21
16,C LECLERC,LEC,leclerc,Ferrari,dc0000,ferrari,Charles,Leclerc,Charles Leclerc,https://www.formula1.com/content/dam/fom-website/drivers/C/CHALEC01_Charles_Leclerc/chalec01.png.transform/1col/image.png,,3.0,3,3.0,,,,0 days 00:00:43.435000,Finished,15.0,Abu Dhabi Grand Prix,Abu Dhabi,21
77,V BOTTAS,BOT,bottas,Mercedes,00d2be,mercedes,Valtteri,Bottas,Valtteri Bottas,https://www.formula1.com/content/dam/fom-website/drivers/V/VALBOT01_Valtteri_Bottas/valbot01.png.transform/1col/image.png,,4.0,4,20.0,,,,0 days 00:00:44.379000,Finished,12.0,Abu Dhabi Grand Prix,Abu Dhabi,21
5,S VETTEL,VET,vettel,Ferrari,dc0000,ferrari,Sebastian,Vettel,Sebastian Vettel,https://www.formula1.com/content/dam/fom-website/drivers/S/SEBVET01_Sebastian_Vettel/sebvet01.png.transform/1col/image.png,,5.0,5,4.0,,,,0 days 00:01:04.357000,Finished,10.0,Abu Dhabi Grand Prix,Abu Dhabi,21
23,A ALBON,ALB,albon,Red Bull Racing,1e41ff,red_bull,Alexander,Albon,Alexander Albon,https://www.formula1.com/content/dam/fom-website/drivers/A/ALEALB01_Alexander_Albon/alealb01.png.transform/1col/image.png,,6.0,6,5.0,,,,0 days 00:01:09.205000,Finished,8.0,Abu Dhabi Grand Prix,Abu Dhabi,21
11,S PEREZ,PER,perez,Racing Point,f596c8,racing_point,Sergio,Perez,Sergio Perez,https://www.formula1.com/content/dam/fom-website/drivers/S/SERPER01_Sergio_Perez/serper01.png.transform/1col/image.png,,7.0,7,10.0,,,,,+1 Lap,6.0,Abu Dhabi Grand Prix,Abu Dhabi,21
4,L NORRIS,NOR,norris,McLaren,ff8700,mclaren,Lando,Norris,Lando Norris,https://www.formula1.com/content/dam/fom-website/drivers/L/LANNOR01_Lando_Norris/lannor01.png.transform/1col/image.png,,8.0,8,6.0,,,,,+1 Lap,4.0,Abu Dhabi Grand Prix,Abu Dhabi,21
26,D KVYAT,KVY,kvyat,Toro Rosso,469bff,toro_rosso,Daniil,Kvyat,Daniil Kvyat,https://www.formula1.com/content/dam/fom-website/drivers/D/DANKVY01_Daniil_Kvyat/dankvy01.png.transform/1col/image.png,,9.0,9,13.0,,,,,+1 Lap,2.0,Abu Dhabi Grand Prix,Abu Dhabi,21
55,C SAINZ,SAI,sainz,McLaren,ff8700,mclaren,Carlos,Sainz,Carlos Sainz,https://www.formula1.com/content/dam/fom-website/drivers/C/CARSAI01_Carlos_Sainz/carsai01.png.transform/1col/image.png,,10.0,10,8.0,,,,,+1 Lap,1.0,Abu Dhabi Grand Prix,Abu Dhabi,21
3,D RICCIARDO,RIC,ricciardo,Renault,fff500,renault,Daniel,Ricciardo,Daniel Ricciardo,https://www.formula1.com/content/dam/fom-website/drivers/D/DANRIC01_Daniel_Ricciardo/danric01.png.transform/1col/image.png,,11.0,11,7.0,,,,,+1 Lap,0.0,Abu Dhabi Grand Prix,Abu Dhabi,21
27,N HULKENBERG,HUL,hulkenberg,Renault,fff500,renault,Nico,Hulkenberg,Nico Hulkenberg,https://www.formula1.com/content/dam/fom-website/drivers/N/NICHUL01_Nico_Hulkenberg/nichul01.png.transform/1col/image.png,,12.0,12,9.0,,,,,+1 Lap,0.0,Abu Dhabi Grand Prix,Abu Dhabi,21
7,K RAIKKONEN,RAI,raikkonen,Alfa Romeo Racing,9b0000,alfa,Kimi,Räikkönen,Kimi Räikkönen,https://www.formula1.com/content/dam/fom-website/drivers/K/KIMRAI01_Kimi_R%C3%A4ikk%C3%B6nen/kimrai01.png.transform/1col/image.png,,13.0,13,17.0,,,,,+1 Lap,0.0,Abu Dhabi Grand Prix,Abu Dhabi,21
20,K MAGNUSSEN,MAG,kevin_magnussen,Haas F1 Team,bd9e57,haas,Kevin,Magnussen,Kevin Magnussen,https://www.formula1.com/content/dam/fom-website/drivers/K/KEVMAG01_Kevin_Magnussen/kevmag01.png.transform/1col/image.png,,14.0,14,14.0,,,,,+1 Lap,0.0,Abu Dhabi Grand Prix,Abu Dhabi,21
8,R GROSJEAN,GRO,grosjean,Haas F1 Team,bd9e57,haas,Romain,Grosjean,Romain Grosjean,https://www.formula1.com/content/dam/fom-website/drivers/R/ROMGRO01_Romain_Grosjean/romgro01.png.transform/1col/image.png,,15.0,15,15.0,,,,,+1 Lap,0.0,Abu Dhabi Grand Prix,Abu Dhabi,21
99,A GIOVINAZZI,GIO,giovinazzi,Alfa Romeo Racing,9b0000,alfa,Antonio,Giovinazzi,Antonio Giovinazzi,https://www.formula1.com/content/dam/fom-website/drivers/A/ANTGIO01_Antonio_Giovinazzi/antgio01.png.transform/1col/image.png,,16.0,16,16.0,,,,,+1 Lap,0.0,Abu Dhabi Grand Prix,Abu Dhabi,21
63,G RUSSELL,RUS,russell,Williams,ffffff,williams,George,Russell,George Russell,https://www.formula1.com/content/dam/fom-website/drivers/G/GEORUS01_George_Russell/georus01.png.transform/1col/image.png,,17.0,17,18.0,,,,,+1 Lap,0.0,Abu Dhabi Grand Prix,Abu Dhabi,21
10,P GASLY,GAS,gasly,Toro Rosso,469bff,toro_rosso,Pierre,Gasly,Pierre Gasly,https://www.formula1.com/content/dam/fom-website/drivers/P/PIEGAS01_Pierre_Gasly/piegas01.png.transform/1col/image.png,,18.0,18,11.0,,,,,+2 Laps,0.0,Abu Dhabi Grand Prix,Abu Dhabi,21
88,R KUBICA,KUB,kubica,Williams,ffffff,williams,Robert,Kubica,Robert Kubica,https://www.formula1.com/content/dam/fom-website/drivers/R/ROBKUB01_Robert_Kubica/robkub01.png.transform/1col/image.png,,19.0,19,19.0,,,,,+2 Laps,0.0,Abu Dhabi Grand Prix,Abu Dhabi,21
18,L STROLL,STR,stroll,Racing Point,f596c8,racing_point,Lance,Stroll,Lance Stroll,https://www.formula1.com/content/dam/fom-website/drivers/L/LANSTR01_Lance_Stroll/lanstr01.png.transform/1col/image.png,,20.0,R,12.0,,,,,Brakes,0.0,Abu Dhabi Grand Prix,Abu Dhabi,21
5,S VETTEL,VET,vettel,Ferrari,dc0000,ferrari,Sebastian,Vettel,Sebastian Vettel,https://www.formula1.com/content/dam/fom-website/drivers/S/SEBVET01_Sebastian_Vettel/sebvet01.png,,1.0,1,3.0,,,,0 days 01:58:33.667000,Finished,25.0,Singapore Grand Prix,Singapore,15
16,C LECLERC,LEC,leclerc,Ferrari,dc0000,ferrari,Charles,Leclerc,Charles Leclerc,https://www.formula1.com/content/dam/fom-website/drivers/C/CHALEC01_Charles_Leclerc/chalec01.png,,2.0,2,1.0,,,,0 days 00:00:02.641000,Finished,18.0,Singapore Grand Prix,Singapore,15
33,M VERSTAPPEN,VER,max_verstappen,Red Bull Racing,1e41ff,red_bull,Max,Verstappen,Max Verstappen,https://www.formula1.com/content/dam/fom-website/drivers/M/MAXVER01_Max_Verstappen/maxver01.png,,3.0,3,4.0,,,,0 days 00:00:03.821000,Finished,15.0,Singapore Grand Prix,Singapore,15
44,L HAMILTON,HAM,hamilton,Mercedes,00d2be,mercedes,Lewis,Hamilton,Lewis Hamilton,https://www.formula1.com/content/dam/fom-website/drivers/L/LEWHAM01_Lewis_Hamilton/lewham01.png,,4.0,4,2.0,,,,0 days 00:00:04.608000,Finished,12.0,Singapore Grand Prix,Singapore,15
77,V BOTTAS,BOT,bottas,Mercedes,00d2be,mercedes,Valtteri,Bottas,Valtteri Bottas,https://www.formula1.com/content/dam/fom-website/drivers/V/VALBOT01_Valtteri_Bottas/valbot01.png,,5.0,5,5.0,,,,0 days 00:00:06.119000,Finished,10.0,Singapore Grand Prix,Singapore,15
23,A ALBON,ALB,albon,Red Bull Racing,1e41ff,red_bull,Alexander,Albon,Alexander Albon,https://www.formula1.com/content/dam/fom-website/drivers/A/ALEALB01_Alexander_Albon/alealb01.png,,6.0,6,6.0,,,,0 days 00:00:11.663000,Finished,8.0,Singapore Grand Prix,Singapore,15
4,L NORRIS,NOR,norris,McLaren,ff8700,mclaren,Lando,Norris,Lando Norris,https://www.formula1.com/content/dam/fom-website/drivers/L/LANNOR01_Lando_Norris/lannor01.png,,7.0,7,9.0,,,,0 days 00:00:14.769000,Finished,6.0,Singapore Grand Prix,Singapore,15
10,P GASLY,GAS,gasly,Toro Rosso,469bff,toro_rosso,Pierre,Gasly,Pierre Gasly,https://www.formula1.com/content/dam/fom-website/drivers/P/PIEGAS01_Pierre_Gasly/piegas01.png,,8.0,8,11.0,,,,0 days 00:00:15.547000,Finished,4.0,Singapore Grand Prix,Singapore,15
27,N HULKENBERG,HUL,hulkenberg,Renault,fff500,renault,Nico,Hulkenberg,Nico Hulkenberg,https://www.formula1.com/content/dam/fom-website/drivers/N/NICHUL01_Nico_Hulkenberg/nichul01.png,,9.0,9,8.0,,,,0 days 00:00:16.718000,Finished,2.0,Singapore Grand Prix,Singapore,15
99,A GIOVINAZZI,GIO,giovinazzi,Alfa Romeo Racing,9b0000,alfa,Antonio,Giovinazzi,Antonio Giovinazzi,https://www.formula1.com/content/dam/fom-website/drivers/A/ANTGIO01_Antonio_Giovinazzi/antgio01.png,,10.0,10,10.0,,,,0 days 00:00:27.855000,Finished,1.0,Singapore Grand Prix,Singapore,15
8,R GROSJEAN,GRO,grosjean,Haas F1 Team,bd9e57,haas,Romain,Grosjean,Romain Grosjean,https://www.formula1.com/content/dam/fom-website/drivers/R/ROMGRO01_Romain_Grosjean/romgro01.png,,11.0,11,17.0,,,,0 days 00:00:35.436000,Finished,0.0,Singapore Grand Prix,Singapore,15
55,C SAINZ,SAI,sainz,McLaren,ff8700,mclaren,Carlos,Sainz,Carlos Sainz,https://www.formula1.com/content/dam/fom-website/drivers/C/CARSAI01_Carlos_Sainz/carsai01.png,,12.0,12,7.0,,,,0 days 00:00:35.974000,Finished,0.0,Singapore Grand Prix,Singapore,15
18,L STROLL,STR,stroll,Racing Point,f596c8,racing_point,Lance,Stroll,Lance Stroll,https://www.formula1.com/content/dam/fom-website/drivers/L/LANSTR01_Lance_Stroll/lanstr01.png,,13.0,13,16.0,,,,0 days 00:00:36.419000,Finished,0.0,Singapore Grand Prix,Singapore,15
3,D RICCIARDO,RIC,ricciardo,Renault,fff500,renault,Daniel,Ricciardo,Daniel Ricciardo,https://www.formula1.com/content/dam/fom-website/drivers/D/DANRIC01_Daniel_Ricciardo/danric01.png,,14.0,14,20.0,,,,0 days 00:00:37.660000,Finished,0.0,Singapore Grand Prix,Singapore,15
26,D KVYAT,KVY,kvyat,Toro Rosso,469bff,toro_rosso,Daniil,Kvyat,Daniil Kvyat,https://www.formula1.com/content/dam/fom-website/drivers/D/DANKVY01_Daniil_Kvyat/dankvy01.png,,15.0,15,14.0,,,,0 days 00:00:38.178000,Finished,0.0,Singapore Grand Prix,Singapore,15
88,R KUBICA,KUB,kubica,Williams,ffffff,williams,Robert,Kubica,Robert Kubica,https://www.formula1.com/content/dam/fom-website/drivers/R/ROBKUB01_Robert_Kubica/robkub01.png,,16.0,16,19.0,,,,0 days 00:00:47.024000,Finished,0.0,Singapore Grand Prix,Singapore,15
20,K MAGNUSSEN,MAG,kevin_magnussen,Haas F1 Team,bd9e57,haas,Kevin,Magnussen,Kevin Magnussen,https://www.formula1.com/content/dam/fom-website/drivers/K/KEVMAG01_Kevin_Magnussen/kevmag01.png,,17.0,17,13.0,,,,0 days 00:01:26.522000,Finished,0.0,Singapore Grand Prix,Singapore,15
7,K RAIKKONEN,RAI,raikkonen,Alfa Romeo Racing,9b0000,alfa,Kimi,Räikkönen,Kimi Räikkönen,https://www.formula1.com/content/dam/fom-website/drivers/K/KIMRAI01_Kimi_R%C3%A4ikk%C3%B6nen/kimrai01.png,,18.0,R,12.0,,,,,Collision,0.0,Singapore Grand Prix,Singapore,15
11,S PEREZ,PER,perez,Racing Point,f596c8,racing_point,Sergio,Perez,Sergio Perez,https://www.formula1.com/content/dam/fom-website/drivers/S/SERPER01_Sergio_Perez/serper01.png,,19.0,R,15.0,,,,,Engine,0.0,Singapore Grand Prix,Singapore,15
63,G RUSSELL,RUS,russell,Williams,ffffff,williams,George,Russell,George Russell,https://www.formula1.com/content/dam/fom-website/drivers/G/GEORUS01_George_Russell/georus01.png,,20.0,R,18.0,,,,,Collision,0.0,Singapore Grand Prix,Singapore,15
